Date,Name,Year,Letterboxd URI,Rating
2020-04-24,The Incredible Hulk,2008,https://boxd.it/28dU,1
2020-04-26,Castle in the Sky,1986,https://boxd.it/1W4G,5
2020-05-27,Princess Mononoke,1997,https://boxd.it/2b4w,5
2020-05-27,Nausicaä of the Valley of the Wind,1984,https://boxd.it/2bc6,5
2020-05-27,Spirited Away,2001,https://boxd.it/2b4m,5
2020-06-13,Whisper of the Heart,1995,https://boxd.it/17uy,5
2020-06-23,Kiki's Delivery Service,1989,https://boxd.it/1JAY,5
2020-08-04,Raw,2016,https://boxd.it/dLd2,5
2020-08-04,The Adventures of Tintin,2011,https://boxd.it/1Irc,2
2020-08-05,The Shining,1980,https://boxd.it/29Nu,4
2020-09-30,Ant-Man and the Wasp,2018,https://boxd.it/cqUW,1
2020-09-30,Wonder Woman,2017,https://boxd.it/9roG,1
2020-09-30,Ant-Man,2015,https://boxd.it/3vmW,1
2020-09-30,Tales from Earthsea,2006,https://boxd.it/17ae,2
2020-09-30,Troy,2004,https://boxd.it/29TW,2
2020-09-30,Mean Girls,2004,https://boxd.it/1VNg,5
2020-09-30,Frida,2002,https://boxd.it/28Vi,4
2020-09-30,Saving Private Ryan,1998,https://boxd.it/29ro,1
2020-11-29,Scarface,1983,https://boxd.it/2b7g,5
2021-01-10,The Breakfast Club,1985,https://boxd.it/27q4,1
2021-01-20,No,2012,https://boxd.it/3Ie2,4
2021-01-25,All That Glitters,2010,https://boxd.it/Sns,5
2021-04-16,Shrek the Third,2007,https://boxd.it/29yY,3
2021-06-03,Dreams,1990,https://boxd.it/1ROu,5
2021-06-07,On-Gaku: Our Sound,2019,https://boxd.it/ndze,5
2021-07-17,Possession,1981,https://boxd.it/1BPm,5
2021-07-24,WALL·E,2008,https://boxd.it/1VEo,4
2021-07-24,Howl's Moving Castle,2004,https://boxd.it/23De,4
2021-07-24,Inception,2010,https://boxd.it/1skk,1
2021-07-24,Doctor Strange,2016,https://boxd.it/8MH8,2
2021-07-24,Captain America: Civil War,2016,https://boxd.it/89Ja,1
2021-07-24,Captain America: The First Avenger,2011,https://boxd.it/28b0,2
2021-07-24,Captain America: The Winter Soldier,2014,https://boxd.it/3r58,1
2021-07-24,Godzilla vs. Kong,2021,https://boxd.it/e0qK,2
2021-08-16,Mad Max: Fury Road,2015,https://boxd.it/2DjO,3
2021-08-16,Okja,2017,https://boxd.it/dvXe,3
2021-08-16,Barbie as The Princess & the Pauper,2004,https://boxd.it/1MGU,5
2021-08-16,Barbie of Swan Lake,2003,https://boxd.it/1MZM,4
2021-08-16,Barbie Fairytopia: Mermaidia,2006,https://boxd.it/1Que,2
2021-08-16,Barbie and the Three Musketeers,2009,https://boxd.it/1z4y,2
2021-08-16,Barbie: Fairytopia,2005,https://boxd.it/1Quo,4
2021-08-16,Inglourious Basterds,2009,https://boxd.it/1JzG,1
2021-08-19,The Tatami Galaxy,2010,https://boxd.it/oL50,5
2021-08-23,The Red Turtle,2016,https://boxd.it/bdkE,4
2021-11-12,The Greatest Showman,2017,https://boxd.it/acjI,1
2021-12-11,Gayniggers from Outer Space,1992,https://boxd.it/1fBW,4
2021-12-11,Pokémon: The First Movie - Mewtwo Strikes Back,1998,https://boxd.it/1WLA,3
2021-12-11,Fantastic Planet,1973,https://boxd.it/1KnQ,5
2021-12-11,Azur & Asmar: The Princes' Quest,2006,https://boxd.it/1FQy,3
2021-12-11,Princes and Princesses,2000,https://boxd.it/3eE,4
2021-12-11,Kirikou and the Men and Women,2012,https://boxd.it/4tJw,1
2021-12-12,Spirit: Stallion of the Cimarron,2002,https://boxd.it/1Zmo,2
2021-12-14,Pokémon Ranger and the Temple of the Sea,2006,https://boxd.it/1JEQ,4
2021-12-22,Mortal Engines,2018,https://boxd.it/fahg,1
2021-12-23,Atlantis: The Lost Empire,2001,https://boxd.it/1Vck,3
2021-12-23,Barbie in the Nutcracker,2001,https://boxd.it/1MGA,3
2021-12-23,The SpongeBob SquarePants Movie,2004,https://boxd.it/1SYq,5
2021-12-24,Zoolander,2001,https://boxd.it/1YMA,3
2021-12-24,Night at the Museum,2006,https://boxd.it/28wi,2
2021-12-24,There's Something About Mary,1998,https://boxd.it/2aae,4
2021-12-24,Night at the Museum: Battle of the Smithsonian,2009,https://boxd.it/1H7U,1
2021-12-25,Pulgasari,1985,https://boxd.it/1sL6,5
2021-12-26,Alice in Wonderland,2010,https://boxd.it/1Spq,2
2021-12-28,Spider-Man 2,2004,https://boxd.it/2a88,3
2021-12-28,Spider-Man 3,2007,https://boxd.it/2a7Y,1
2021-12-28,Spider-Man,2002,https://boxd.it/2a8i,2
2021-12-31,King Kong,1933,https://boxd.it/2aMM,3
2021-12-31,Serial Experiments Lain,1998,https://boxd.it/hYQE,5
2021-12-31,Anima,2019,https://boxd.it/mxuc,2
2021-12-31,Titanic,1997,https://boxd.it/2a2k,1
2022-01-02,Avengers: Age of Ultron,2015,https://boxd.it/3qi6,1
2022-01-02,Iron Man 2,2010,https://boxd.it/1WZM,1
2022-01-02,X-Men: Days of Future Past,2014,https://boxd.it/4aRw,2
2022-01-02,X-Men,2000,https://boxd.it/1a7s,2
2022-01-02,X-Men: Apocalypse,2016,https://boxd.it/7eJi,1
2022-01-02,X-Men: The Last Stand,2006,https://boxd.it/1a5Q,1
2022-01-02,The Hobbit: An Unexpected Journey,2012,https://boxd.it/GZk,2
2022-01-02,The Hobbit: The Desolation of Smaug,2013,https://boxd.it/nmS,1
2022-01-02,To Kill a Child,1953,https://boxd.it/k6kK,4
2022-01-04,Cléo from 5 to 7,1962,https://boxd.it/2agm,4
2022-01-09,The Prestige,2006,https://boxd.it/293w,1
2022-01-09,Glass,2019,https://boxd.it/g3uO,1
2022-01-09,Sleeping Beauty,1959,https://boxd.it/1V9A,3
2022-01-09,Tangled,2010,https://boxd.it/15gO,2
2022-01-09,Lilo & Stitch,2002,https://boxd.it/1TAY,3
2022-01-09,Cinderella,1950,https://boxd.it/1Uki,3
2022-01-09,The Little Mermaid,1989,https://boxd.it/1WYO,2
2022-01-09,Pinocchio,1940,https://boxd.it/1V8C,4
2022-01-09,Mary Poppins,1964,https://boxd.it/2aoA,2
2022-01-09,The Sword in the Stone,1963,https://boxd.it/1ZdG,2
2022-01-09,Hercules,1997,https://boxd.it/1SDW,2
2022-01-09,Peter Pan,1953,https://boxd.it/1VCC,2
2022-01-09,Up,2009,https://boxd.it/1OEc,3
2022-01-09,The Black Cauldron,1985,https://boxd.it/1UYW,3
2022-01-09,The Rescuers Down Under,1990,https://boxd.it/1Uya,3
2022-01-09,Oliver & Company,1988,https://boxd.it/1Se8,3
2022-01-09,Finding Nemo,2003,https://boxd.it/72i,3
2022-01-09,Taken,2008,https://boxd.it/1ZXa,1
2022-01-09,Taken 3,2014,https://boxd.it/7Iqq,1
2022-01-24,Phantom of the Paradise,1974,https://boxd.it/1s34,5
2022-01-24,Blow Out,1981,https://boxd.it/1TlE,3
2022-01-25,Harakiri,1962,https://boxd.it/1NTU,5
2022-01-27,Alexander,2004,https://boxd.it/27K4,2
2022-02-04,My Night at Maud's,1969,https://boxd.it/Hwo,3
2022-02-05,Children of Paradise,1945,https://boxd.it/26H4,4
2022-02-05,Charlie and the Chocolate Factory,2005,https://boxd.it/2b68,2
2022-02-06,Jumanji,1995,https://boxd.it/1ZLI,3
2022-02-06,Zathura: A Space Adventure,2005,https://boxd.it/21mq,2
2022-02-06,Spaceballs,1987,https://boxd.it/29cy,2
2022-02-06,Kick-Ass,2010,https://boxd.it/1zaQ,2
2022-02-07,Tenet,2020,https://boxd.it/leq4,2
2022-02-07,"Jeanne Dielman, 23, quai du Commerce, 1080 Bruxelles",1975,https://boxd.it/T18,5
2022-02-07,Black Sheep Boy,2020,https://boxd.it/opoO,5
2022-02-07,Jackass: The Movie,2002,https://boxd.it/1Zo0,2
2022-02-07,Sonatine,1993,https://boxd.it/20TI,5
2022-02-07,A Woman and Her Car,2016,https://boxd.it/lDkU,5
2022-02-07,Portrait of a Young Girl at the End of the 60s in Brussels,1994,https://boxd.it/462a,5
2022-02-07,Camping 2,2010,https://boxd.it/16mI,1
2022-02-07,Asterix at the Olympic Games,2008,https://boxd.it/26Nw,1
2022-02-07,Disco,2008,https://boxd.it/1PxG,1
2022-02-07,Billy and Buddy,2013,https://boxd.it/5dvg,1
2022-02-07,Taxi,1998,https://boxd.it/26UM,1
2022-02-07,Taxi 2,2000,https://boxd.it/26Us,2
2022-02-07,Taxi 3,2003,https://boxd.it/26U8,1
2022-02-07,Taxi 5,2018,https://boxd.it/fpIw,1
2022-02-07,Babysitting,2014,https://boxd.it/7NUq,1
2022-02-07,Babysitting 2,2015,https://boxd.it/aTwK,1
2022-02-07,Little Nicholas,2009,https://boxd.it/1jCE,2
2022-02-07,War of the Buttons,2011,https://boxd.it/2yya,1
2022-02-07,War of the Buttons,1962,https://boxd.it/1Wj2,3
2022-02-09,Corpus Christi,2019,https://boxd.it/gULy,5
2022-02-10,Mulan,1998,https://boxd.it/1VFw,4
2022-02-10,Cowboy Bebop,1998,https://boxd.it/ptES,5
2022-02-10,Iron Man,2008,https://boxd.it/28dA,2
2022-02-10,Dunkirk,2017,https://boxd.it/d0Y6,1
2022-02-10,Deadpool 2,2018,https://boxd.it/dlLM,1
2022-02-10,Thor,2011,https://boxd.it/1WQU,1
2022-02-10,The Recruit,2003,https://boxd.it/28oS,1
2022-02-10,RTT,2009,https://boxd.it/1tv4,1
2022-02-10,Kill Bill: Vol. 1,2003,https://boxd.it/70w,2
2022-02-10,Spider-Man: Homecoming,2017,https://boxd.it/aboM,2
2022-02-10,Kong: Skull Island,2017,https://boxd.it/9ewM,1
2022-02-10,Lion,2016,https://boxd.it/b2La,2
2022-02-10,The Chorus,2004,https://boxd.it/22X8,2
2022-02-10,Aladdin,1992,https://boxd.it/29yE,3
2022-02-12,Percy Jackson & the Olympians: The Lightning Thief,2010,https://boxd.it/1gJi,3
2022-02-12,Percy Jackson: Sea of Monsters,2013,https://boxd.it/2D8m,1
2022-02-13,King of New York,1990,https://boxd.it/1Ynq,5
2022-02-13,Torment,1994,https://boxd.it/1HMS,4
2022-02-13,War for the Planet of the Apes,2017,https://boxd.it/8FE2,2
2022-02-13,Rise of the Planet of the Apes,2011,https://boxd.it/cS4,2
2022-02-13,Dawn of the Planet of the Apes,2014,https://boxd.it/3XyQ,1
2022-02-13,Coraline,2009,https://boxd.it/1NhQ,5
2022-02-14,Come and See,1985,https://boxd.it/1w9q,5
2022-02-14,Videodrome,1983,https://boxd.it/29uC,4
2022-02-14,When the Cat Comes,1963,https://boxd.it/JJ0,5
2022-02-17,Another Cinderella Story,2008,https://boxd.it/1MHS,3
2022-02-17,A Cinderella Story: Once Upon a Song,2011,https://boxd.it/2zTe,2
2022-02-17,A Cinderella Story: Christmas Wish,2019,https://boxd.it/mnqY,1
2022-02-17,A Cinderella Story: If the Shoe Fits,2016,https://boxd.it/elEo,1
2022-02-17,High School Musical,2006,https://boxd.it/1V0y,3
2022-02-17,Cow Belles,2006,https://boxd.it/1wXq,2
2022-02-17,Starstruck,2010,https://boxd.it/1cjq,1
2022-02-17,The Cheetah Girls: One World,2008,https://boxd.it/1rns,1
2022-02-17,Den Brother,2010,https://boxd.it/O26,1
2022-02-17,Avalon High,2010,https://boxd.it/DyA,1
2022-02-17,Sharpay's Fabulous Adventure,2011,https://boxd.it/g6I,2
2022-02-17,The Suite Life Movie,2011,https://boxd.it/f92,1
2022-02-17,"Good Luck Charlie, It's Christmas!",2011,https://boxd.it/2QAy,3
2022-02-17,Frenemies,2012,https://boxd.it/2XvA,1
2022-02-17,High School Musical 3: Senior Year,2008,https://boxd.it/1SR0,2
2022-02-17,La Jetée,1962,https://boxd.it/29Sk,4
2022-02-17,Wasp,2003,https://boxd.it/RRQ,5
2022-02-18,Fifty Shades of Grey,2015,https://boxd.it/6qLo,1
2022-02-18,Donkey Skin,1970,https://boxd.it/22V2,4
2022-02-19,Fallen Angels,1995,https://boxd.it/1UkW,5
2022-02-19,Fail Safe,1964,https://boxd.it/2afS,5
2022-02-19,Dr. Strangelove or: How I Learned to Stop Worrying and Love the Bomb,1964,https://boxd.it/29eY,1
2022-02-20,Amélie,2001,https://boxd.it/2aUc,3
2022-02-20,The Neon Demon,2016,https://boxd.it/9AnW,1
2022-02-20,Sleepers,1996,https://boxd.it/29xw,3
2022-02-20,Pokémon: Mewtwo Returns,2000,https://boxd.it/19yi,2
2022-02-20,From Up on Poppy Hill,2011,https://boxd.it/2VCa,2
2022-02-20,Kingsman: The Secret Service,2014,https://boxd.it/6dxe,1
2022-02-20,Guardians of the Galaxy Vol. 2,2017,https://boxd.it/8MxC,2
2022-02-20,The Avengers,2012,https://boxd.it/1xFW,2
2022-02-20,Iron Man 3,2013,https://boxd.it/2cBQ,1
2022-02-20,Sinbad: Legend of the Seven Seas,2003,https://boxd.it/1Oa2,2
2022-02-20,The Marquis,2011,https://boxd.it/jq2,1
2022-02-20,Modern Romance,1981,https://boxd.it/6Xi,5
2022-02-20,Frances Ha,2012,https://boxd.it/41Xg,5
2022-02-21,"Synecdoche, New York",2008,https://boxd.it/23zw,5
2022-02-22,Eyes Wide Shut,1999,https://boxd.it/2axs,3
2022-02-25,12 Angry Men,1957,https://boxd.it/2auI,5
2022-02-25,Swallow,2019,https://boxd.it/lA0i,2
2022-02-25,Querelle,1982,https://boxd.it/XEy,5
2022-02-25,Ivan's Childhood,1962,https://boxd.it/1j6y,3
2022-02-25,Harry Potter and the Prisoner of Azkaban,2004,https://boxd.it/29Qy,3
2022-02-25,Harry Potter and the Philosopher's Stone,2001,https://boxd.it/29QS,2
2022-02-25,Harry Potter and the Chamber of Secrets,2002,https://boxd.it/29QI,1
2022-02-25,Harry Potter and the Goblet of Fire,2005,https://boxd.it/29Qo,1
2022-02-25,Harry Potter and the Deathly Hallows: Part 2,2011,https://boxd.it/1RYk,1
2022-02-25,Harry Potter and the Order of the Phoenix,2007,https://boxd.it/29Qe,3
2022-02-25,Harry Potter and the Half-Blood Prince,2009,https://boxd.it/29FU,4
2022-02-25,Kill Your Darlings,2013,https://boxd.it/4VRS,3
2022-02-25,The Mother and the Whore,1973,https://boxd.it/HQe,5
2022-02-25,The Dark Knight Rises,2012,https://boxd.it/H3m,1
2022-02-26,Memories of Murder,2003,https://boxd.it/1TSo,3
2022-02-26,Stuart Little,1999,https://boxd.it/1WZW,1
2022-02-26,Stuart Little 2,2002,https://boxd.it/1UTW,2
2022-02-26,Ice Age,2002,https://boxd.it/2apS,2
2022-02-26,Ice Age: Dawn of the Dinosaurs,2009,https://boxd.it/20iC,2
2022-02-26,Ice Age: Collision Course,2016,https://boxd.it/8upq,1
2022-02-27,The Man in the White Suit,1951,https://boxd.it/1gVS,2
2022-02-27,Annette,2021,https://boxd.it/f0RS,4
2022-02-27,Love Liza,2002,https://boxd.it/1Mjw,5
2022-02-28,Stalker,1979,https://boxd.it/28PO,5
2022-03-01,Valiant,2005,https://boxd.it/1OBM,2
2022-03-01,Robots,2005,https://boxd.it/1Xve,2
2022-03-01,Rio,2011,https://boxd.it/NKc,1
2022-03-01,The Tuche Family: The American Dream,2016,https://boxd.it/cOXg,1
2022-03-01,Asterix & Obelix: Mission Cleopatra,2002,https://boxd.it/268o,2
2022-03-01,RRRrrrr!!!,2004,https://boxd.it/1BnM,1
2022-03-01,Those Happy Days,2006,https://boxd.it/1FHw,2
2022-03-01,Mais qui a tué Pamela Rose ?,2003,https://boxd.it/1E3A,1
2022-03-01,So Happy Together,2009,https://boxd.it/1Foa,2
2022-03-01,"The Chronicles of Narnia: The Lion, the Witch and the Wardrobe",2005,https://boxd.it/2ark,2
2022-03-01,The Chronicles of Narnia: Prince Caspian,2008,https://boxd.it/26Hy,1
2022-03-03,The Fox and the Hound,1981,https://boxd.it/1V0o,4
2022-03-04,The Blackout,1997,https://boxd.it/1vjk,5
2022-03-04,Bambi,1942,https://boxd.it/25AQ,3
2022-03-09,Avatar,2009,https://boxd.it/1Efm,2
2022-03-11,Jigoku,1960,https://boxd.it/EfY,5
2022-03-11,Blow-Up,1966,https://boxd.it/2966,5
2022-03-11,Batman Begins,2005,https://boxd.it/2aIg,2
2022-03-11,Equilibrium,2002,https://boxd.it/211s,5
2022-03-11,Early Summer,1951,https://boxd.it/E4G,5
2022-03-15,The Little Prince,2015,https://boxd.it/9WbS,2
2022-03-15,Fear and Loathing in Las Vegas,1998,https://boxd.it/27Xs,1
2022-03-15,BPM (Beats per Minute),2017,https://boxd.it/g796,3
2022-03-22,A Man Escaped,1956,https://boxd.it/1MzY,5
2022-03-23,Milk,1998,https://boxd.it/5dyk,5
2022-03-30,Adieu Bohème,2017,https://boxd.it/xD84,3
2022-04-17,Harry Potter and the Deathly Hallows: Part 1,2010,https://boxd.it/1RYu,3
2022-05-02,La Dolce Vita,1960,https://boxd.it/2anC,3
2022-05-02,Dog Day Afternoon,1975,https://boxd.it/29bg,5
2022-06-04,Short Cuts,1993,https://boxd.it/29Nk,2
2022-06-16,Golden Boy,1995,https://boxd.it/1oZe,5
2022-07-01,The Long Goodbye,1973,https://boxd.it/281O,5
2022-07-04,Miami Vice,2006,https://boxd.it/2bbW,5
2022-07-25,Alien,1979,https://boxd.it/2awY,4
2022-07-25,Four Roads,2021,https://boxd.it/sPTc,3
2022-07-26,Along the Coast,1958,https://boxd.it/7298,4
2022-07-26,Hippocrates,2014,https://boxd.it/8bdK,1
2022-07-26,The Curious Case of Benjamin Button,2008,https://boxd.it/23Fk,2
2022-07-26,Aliens,1986,https://boxd.it/29PA,2
2022-07-26,Alien Resurrection,1997,https://boxd.it/20zI,2
2022-08-02,AVP: Alien vs. Predator,2004,https://boxd.it/2atU,4
2022-08-21,Valis: The Fantasm Soldier,1987,https://boxd.it/wrbe,4
2023-01-16,Dangerous Liaisons,2022,https://boxd.it/AABe,1
2023-01-16,Fifty Shades Freed,2018,https://boxd.it/bb5C,1
2023-01-16,WHAT DID JACK DO?,2017,https://boxd.it/jcWe,1
2023-01-16,Fifty Shades Darker,2017,https://boxd.it/bm2E,1
2023-01-16,Alibi.com,2017,https://boxd.it/dYIi,1
2023-01-16,SPF-18,2017,https://boxd.it/gXti,1
2023-01-16,Full Speed,2016,https://boxd.it/dk8u,1
2023-01-16,Split,2016,https://boxd.it/dgSy,1
2023-01-16,Independence Day: Resurgence,2016,https://boxd.it/JwK,1
2023-01-16,Deadpool,2016,https://boxd.it/9fOC,1
2023-01-16,Junior,2014,https://boxd.it/7p4U,1
2023-01-16,Silent,2014,https://boxd.it/7Chi,1
2023-01-16,Thor: The Dark World,2013,https://boxd.it/2DqA,1
2023-01-16,Dallas Buyers Club,2013,https://boxd.it/4O8G,4
2023-01-16,The Wind Rises,2013,https://boxd.it/4JQS,5
2023-01-16,The Wolverine,2013,https://boxd.it/2CWU,1
2023-01-16,A Good Day to Die Hard,2013,https://boxd.it/JrK,1
2023-01-16,Not Very Normal Activities,2013,https://boxd.it/55D2,1
2023-01-16,Taken 2,2012,https://boxd.it/2TWi,1
2023-01-16,The Players,2012,https://boxd.it/3ao8,1
2023-01-16,Plan de table,2012,https://boxd.it/4gA2,1
2023-01-16,Geek Charming,2011,https://boxd.it/2Q8k,1
2023-01-16,In Time,2011,https://boxd.it/FPS,1
2023-01-16,Junior,2011,https://boxd.it/9PtA,5
2023-01-16,Bad Teacher,2011,https://boxd.it/yXA,1
2023-01-16,Mean Girls 2,2011,https://boxd.it/Bje,1
2023-01-16,Tales of the Night,2011,https://boxd.it/2JSK,4
2023-01-16,The Sorcerer's Apprentice,2010,https://boxd.it/1sGg,1
2023-01-16,Cineman,2009,https://boxd.it/1e4C,1
2023-01-16,Gran Torino,2008,https://boxd.it/1Qzy,1
2023-01-16,Pokémon: The Rise of Darkrai,2007,https://boxd.it/1uKY,4
2023-01-16,Live Free or Die Hard,2007,https://boxd.it/28zQ,1
2023-01-16,Camping,2006,https://boxd.it/1QYy,1
2023-01-16,The Lord of the Rings: The Two Towers,2002,https://boxd.it/2b5E,4
2023-01-16,Predator 2,1990,https://boxd.it/2aY4,2
2023-01-16,Aliens vs Predator: Requiem,2007,https://boxd.it/2ans,1
2023-01-16,Nineteen Eighty-Four,1984,https://boxd.it/1YZE,1
2023-01-16,Shrek 2,2004,https://boxd.it/29z8,4
2023-01-16,Bicycle Thieves,1948,https://boxd.it/23hW,4
2023-01-16,A Brighter Summer Day,1991,https://boxd.it/1Luy,4
2023-01-16,The Discreet Charm of the Bourgeoisie,1972,https://boxd.it/2440,5
2023-01-16,Jules and Jim,1962,https://boxd.it/28rM,4
2023-01-16,Phenomena,1985,https://boxd.it/1o4s,5
2023-01-16,Barbie in The 12 Dancing Princesses,2006,https://boxd.it/1R34,5
2023-01-16,Youth of the Beast,1963,https://boxd.it/179q,5
2023-02-11,Aftersun,2022,https://boxd.it/Arw0,5
2023-02-24,Monsieur Hulot's Holiday,1953,https://boxd.it/29E8,3
2023-06-13,Platform,2000,https://boxd.it/2O0S,5
2023-06-24,Tokyo Godfathers,2003,https://boxd.it/1Qg2,3
2023-06-25,The Godfather,1972,https://boxd.it/2aNK,5
2023-06-25,The Dictator,2012,https://boxd.it/2DEW,1
2023-06-29,Blow Up My Town,1968,https://boxd.it/FXW,3
2023-06-29,"Hail, Sarajevo",1993,https://boxd.it/5mrC,5
2023-06-29,The Cat with Hands,2001,https://boxd.it/LZ0,3
2023-06-29,Bubu & Bubulina,2015,https://boxd.it/cOis,5
2023-06-29,Larisa,1980,https://boxd.it/7Ce4,5
2023-06-29,La chambre,1972,https://boxd.it/3Gps,2
2023-07-01,Alix's Pictures,1982,https://boxd.it/5YPC,5
2023-07-01,Once Upon a Time… in Hollywood,2019,https://boxd.it/gH0O,1
2023-07-02,Arthur and the Invisibles,2006,https://boxd.it/1Xm2,2
2023-07-02,Arthur and the Revenge of Maltazard,2009,https://boxd.it/1tKI,1
2023-07-02,Arthur 3: The War of the Two Worlds,2010,https://boxd.it/VFO,1
2023-07-02,Lucy,2014,https://boxd.it/75hu,1
2023-07-02,The Fifth Element,1997,https://boxd.it/71k,2
2023-07-02,2012,2009,https://boxd.it/1OE2,1
2023-07-03,Pain and Glory,2019,https://boxd.it/iOBQ,5
2023-07-04,The French Dispatch,2021,https://boxd.it/jLP8,3
2023-07-10,Hugo,2011,https://boxd.it/R08,2
2023-07-14,Amadeus,1984,https://boxd.it/2aH8,5
2023-07-14,The Land of Cards,2013,https://boxd.it/6fWg,1
2023-07-15,Cast Away,2000,https://boxd.it/20i8,2
2023-07-15,The Skin I Live In,2011,https://boxd.it/99A,2
2023-07-15,Raiders of the Lost Ark,1981,https://boxd.it/2bbs,2
2023-07-15,The Little Wars,1982,https://boxd.it/4PNA,5
2023-07-15,Fantastic Mr. Fox,2009,https://boxd.it/1WyQ,2
2023-07-17,My Own Private Idaho,1991,https://boxd.it/2ak4,3
2023-07-18,Man With No Name,2010,https://boxd.it/7m3u,5
2023-07-18,Chikan densha: Iyarashii kôi,1993,https://boxd.it/cQL2,5
2023-07-19,The Terminator,1984,https://boxd.it/2aQY,4
2023-07-19,Lost in Translation,2003,https://boxd.it/2b0E,2
2023-07-19,Licorice Pizza,2021,https://boxd.it/qTKY,2
2023-07-20,Terminator 2: Judgment Day,1991,https://boxd.it/2aGY,3
2023-07-21,Hieronymus Bosch's Garden of Delights,1981,https://boxd.it/7xmi,5
2023-07-24,Black Panther,2018,https://boxd.it/8MHs,3
2023-07-24,Ave Maria,1972,https://boxd.it/5Z9i,4
2023-07-24,Vive L'Amour,1994,https://boxd.it/2wsa,5
2023-07-24,La Tour Montparnasse Infernale,2001,https://boxd.it/1Mec,2
2023-07-24,Slumdog Millionaire,2008,https://boxd.it/1S3E,3
2023-07-24,Mulholland Drive,2001,https://boxd.it/297o,3
2023-07-24,High Life,2018,https://boxd.it/d6bk,5
2023-07-24,Love & Pop,1998,https://boxd.it/2sv0,5
2023-07-25,Stuart Little 3: Call of the Wild,2005,https://boxd.it/1lO8,1
2023-08-01,Big Hero 6,2014,https://boxd.it/5rje,3
2023-08-04,Kill Bill: Vol. 2,2004,https://boxd.it/2au4,1
2023-08-04,Mais qui a re-tué Pamela Rose ?,2012,https://boxd.it/4tkw,1
2023-08-04,The Devil's Backbone,2001,https://boxd.it/28Li,3
2023-08-12,Jason Bourne,2016,https://boxd.it/ayYy,1
2023-08-12,Spider-Man: No Way Home,2021,https://boxd.it/nwRw,1
2023-08-13,Fantastic Beasts and Where to Find Them,2016,https://boxd.it/7FPC,1
2023-08-16,The Gendarme and the Gendarmettes,1982,https://boxd.it/1SMu,1
2023-09-01,Barbie: Princess Adventure,2020,https://boxd.it/rHQM,2
2023-09-14,Kisapmata,1981,https://boxd.it/6sRo,5
2023-10-01,Mysterious Object at Noon,2000,https://boxd.it/3gqu,4
2023-12-26,Coco,2017,https://boxd.it/bYJQ,4
2023-12-28,Bridget Jones's Diary,2001,https://boxd.it/29WQ,2
2023-12-29,Marie Antoinette,2006,https://boxd.it/27Wa,2
2024-02-26,Cutie Honey,2004,https://boxd.it/1CHe,5
2024-03-08,Boogie Nights,1997,https://boxd.it/23um,4
2024-03-27,The Hunger Games: Mockingjay – Part 1,2014,https://boxd.it/4hka,3
2024-04-08,Cars 2,2011,https://boxd.it/H4Y,2
2024-05-04,Truth or Dare,1994,https://boxd.it/RQy,1
2024-05-04,A Touch of Sin,2013,https://boxd.it/5Fvo,4
2024-05-05,Emilie Muller,1993,https://boxd.it/ewEO,4
2024-05-06,In the Darkness of Time,2002,https://boxd.it/awaQ,2
2024-05-06,The Legend of Pipi,2022,https://boxd.it/BOvw,5
2024-05-06,Water for Maya,2000,https://boxd.it/54T4,2
2024-05-16,Ghost in the Shell,2017,https://boxd.it/abTA,1
2024-05-16,Persona,1966,https://boxd.it/29B4,5
2024-05-16,Possum,2018,https://boxd.it/gW5u,1
2024-05-17,Barry Lyndon,1975,https://boxd.it/25A2,4
2024-05-18,City of God,2002,https://boxd.it/2a2a,5
2024-05-21,Challengers,2024,https://boxd.it/zld0,3
2024-05-21,Lady Bird,2017,https://boxd.it/dGNE,2
2024-05-21,Radio Rebel,2012,https://boxd.it/39mq,3
2024-05-21,Pokémon: Lucario and the Mystery of Mew,2005,https://boxd.it/1epg,4
2024-05-21,The Great Gatsby,2013,https://boxd.it/JY,3
2024-05-21,Hidden Figures,2016,https://boxd.it/dgS4,3
2024-05-21,Brother Bear,2003,https://boxd.it/1Xjs,3
2024-05-21,Robin Hood,1973,https://boxd.it/1SRa,3
2024-05-21,Lemonade Mouth,2011,https://boxd.it/4bG,3
2024-05-21,Calvaire,2004,https://boxd.it/1ROk,3
2024-05-21,The Extraordinary Adventures of Adèle Blanc-Sec,2010,https://boxd.it/1cke,3
2024-05-21,The Lion King,1994,https://boxd.it/201Q,2
2024-05-21,Gravity,2013,https://boxd.it/GZY,2
2024-05-21,Samuel,2024,https://boxd.it/LWKk,5
2024-05-21,Birdman or (The Unexpected Virtue of Ignorance),2014,https://boxd.it/5RFA,3
2024-05-21,Frozen,2013,https://boxd.it/3GNa,3
2024-05-21,Your Name.,2016,https://boxd.it/cUqs,4
2024-05-21,Megamind,2010,https://boxd.it/16Sk,4
2024-05-21,Snatch,2000,https://boxd.it/2b7U,4
2024-05-21,House,1977,https://boxd.it/1vsm,4
2024-05-21,Predator,1987,https://boxd.it/2b84,3
2024-05-21,BEEF,2023,https://boxd.it/FPsm,4
2024-05-21,"Salò, or the 120 Days of Sodom",1975,https://boxd.it/237s,4
2024-05-21,Beau Travail,1999,https://boxd.it/1NI8,5
2024-05-21,Camp Rock,2008,https://boxd.it/1PHw,4
2024-05-21,Die Hard: With a Vengeance,1995,https://boxd.it/28zG,4
2024-05-21,The Party,1980,https://boxd.it/2aYy,4
2024-05-21,Scenes with Beans,1976,https://boxd.it/kWGo,4
2024-05-21,Glass Onion,2022,https://boxd.it/oCkK,3
2024-05-21,The Hunger Games: Catching Fire,2013,https://boxd.it/3sAw,3
2024-05-21,The Martian,2015,https://boxd.it/8SeG,3
2024-05-21,The Hunger Games: Mockingjay – Part 2,2015,https://boxd.it/4hk0,3
2024-05-21,John Wick: Chapter 3 – Parabellum,2019,https://boxd.it/gmFw,3
2024-05-21,Tarzan,1999,https://boxd.it/18YO,3
2024-05-21,Who Framed Roger Rabbit,1988,https://boxd.it/29ry,3
2024-05-21,Godzilla: King of the Monsters,2019,https://boxd.it/cY7Y,2
2024-05-21,Flushed Away,2006,https://boxd.it/1Tpm,3
2024-05-21,The Aristocats,1970,https://boxd.it/1X3Y,3
2024-05-21,Jackass Number Two,2006,https://boxd.it/1SyM,2
2024-05-21,Camp Rock 2: The Final Jam,2010,https://boxd.it/Sru,2
2024-05-21,OPAL,2020,https://boxd.it/suy8,3
2024-05-21,Madame Claude,2021,https://boxd.it/oxTU,2
2024-05-21,The Unseen River,2020,https://boxd.it/roeu,3
2024-05-21,Wishing Apple,2019,https://boxd.it/mNE8,3
2024-05-21,Behavior,2014,https://boxd.it/7G8Y,3
2024-05-21,Avengers: Endgame,2019,https://boxd.it/9vE4,2
2024-05-21,Indiana Jones and the Temple of Doom,1984,https://boxd.it/2bb8,2
2024-05-21,X2,2003,https://boxd.it/1a7i,2
2024-05-21,Godzilla,2014,https://boxd.it/47OE,2
2024-05-21,Alita: Battle Angel,2019,https://boxd.it/e0rS,2
2024-05-21,Bridge to Terabithia,2007,https://boxd.it/28YG,4
2024-05-21,Treasure Planet,2002,https://boxd.it/1Znm,4
2024-05-21,Starship Troopers,1997,https://boxd.it/2a7k,4
2024-05-21,Ice Age: The Meltdown,2006,https://boxd.it/2wRk,2
2024-05-21,When Marnie Was There,2014,https://boxd.it/78pm,2
2024-05-21,Meet the Parents,2000,https://boxd.it/28vE,2
2024-05-21,Kick-Ass 2,2013,https://boxd.it/hqu,1
2024-05-21,Die Hard 2,1990,https://boxd.it/28zw,2
2024-05-21,The Chronicles of Narnia: The Voyage of the Dawn Treader,2010,https://boxd.it/1WZs,2
2024-05-21,Isn't It Romantic,2019,https://boxd.it/g1jE,1
2024-05-21,Jackass 3D,2010,https://boxd.it/1KpM,3
2024-05-21,The Cheetah Girls,2003,https://boxd.it/1hkS,2
2024-05-21,Air Bud,1997,https://boxd.it/1CYY,1
2024-05-21,The Cheetah Girls 2,2006,https://boxd.it/17Ws,1
2024-05-21,DuckTales: The Movie – Treasure of the Lost Lamp,1990,https://boxd.it/1VgQ,2
2024-05-21,Welcome to the Sticks,2008,https://boxd.it/20si,2
2024-05-21,Pete's Dragon,1977,https://boxd.it/1UBy,2
2024-05-21,Ratatoing,2007,https://boxd.it/60Li,2
2024-05-21,Pokémon the Movie: Mewtwo Strikes Back - Evolution,2019,https://boxd.it/kZu6,1
2024-05-21,Yu-Gi-Oh!: Bonds Beyond Time,2010,https://boxd.it/2pv2,2
2024-05-21,Incognito,2009,https://boxd.it/1IIi,2
2024-05-21,Madagascar,2005,https://boxd.it/29dc,2
2024-05-21,Madagascar 3: Europe's Most Wanted,2012,https://boxd.it/2NF6,1
2024-05-21,Madagascar: Escape 2 Africa,2008,https://boxd.it/1W2K,2
2024-05-21,The Hobbit: The Battle of the Five Armies,2014,https://boxd.it/43aU,1
2024-05-21,Metropolis,1927,https://boxd.it/71a,3
2024-05-21,Alice in Wonderland,1951,https://boxd.it/1Sz6,3
2024-05-21,Shrek Forever After,2010,https://boxd.it/1WRo,1
2024-05-21,X-Men Origins: Wolverine,2009,https://boxd.it/27ug,1
2024-05-21,Dune,1984,https://boxd.it/29tY,3
2024-05-21,Anastasia,1997,https://boxd.it/1YFk,1
2024-05-21,2 Fast 2 Furious,2003,https://boxd.it/2a4g,1
2024-05-21,Sherlock Holmes: A Game of Shadows,2011,https://boxd.it/k3S,1
2024-05-21,Prometheus,2012,https://boxd.it/2s9e,1
2024-05-21,What Happened to Monday,2017,https://boxd.it/ejUu,2
2024-05-21,Monsters vs Aliens,2009,https://boxd.it/1M50,2
2024-05-21,Mutant Pumpkins from Outer Space,2009,https://boxd.it/vhQ,1
2024-05-21,Night of the Living Carrots,2011,https://boxd.it/3VBS,1
2024-05-21,B.O.B.'s Big Break,2009,https://boxd.it/1wPm,1
2024-05-21,Godzilla,1954,https://boxd.it/28kc,3
2024-05-21,What We Do in the Shadows,2014,https://boxd.it/7eQy,4
2024-05-22,Solaris,1972,https://boxd.it/2a2Y,4
2024-05-22,Heat,1995,https://boxd.it/2bg8,4
2024-05-22,La La Land,2016,https://boxd.it/a5fa,4
2024-05-22,American Psycho,2000,https://boxd.it/28Vs,4
2024-05-22,Gone Girl,2014,https://boxd.it/6hQu,4
2024-05-22,The Hunger Games,2012,https://boxd.it/2uds,4
2024-05-22,Perfect Blue,1997,https://boxd.it/1W7A,4
2024-05-22,Moonlight,2016,https://boxd.it/d6bE,4
2024-05-22,The Rocky Horror Picture Show,1975,https://boxd.it/1a3q,4
2024-05-22,Titane,2021,https://boxd.it/nlQC,4
2024-05-22,Alien³,1992,https://boxd.it/20zS,4
2024-05-22,Dead Ringers,1988,https://boxd.it/1Yqk,4
2024-05-22,First Blood,1982,https://boxd.it/28U0,4
2024-05-22,Bronson,2008,https://boxd.it/1GM8,4
2024-05-22,Back to the Future,1985,https://boxd.it/2b8e,2
2024-05-22,Back to the Future Part II,1989,https://boxd.it/2aYI,1
2024-05-22,Back to the Future Part III,1990,https://boxd.it/2aTS,1
2024-05-22,Transformers,2007,https://boxd.it/280c,1
2024-05-22,Transformers: Revenge of the Fallen,2009,https://boxd.it/20gG,1
2024-05-22,Transformers: Dark of the Moon,2011,https://boxd.it/16aC,1
2024-05-22,The Idea of You,2024,https://boxd.it/vOW6,1
2024-05-22,Whiplash,2014,https://boxd.it/7bQA,2
2024-05-22,Interstellar,2014,https://boxd.it/4VZ8,1
2024-05-22,Fight Club,1999,https://boxd.it/2a9q,1
2024-05-22,The Social Network,2010,https://boxd.it/17ue,2
2024-05-22,Thor: Ragnarok,2017,https://boxd.it/8MHi,3
2024-05-24,Tomboy,2011,https://boxd.it/49U,3
2024-05-24,Jurassic Park,1993,https://boxd.it/2aA2,2
2024-05-25,Indiana Jones and the Kingdom of the Crystal Skull,2008,https://boxd.it/2aR8,1
2024-05-25,The BFG,2016,https://boxd.it/81cs,1
2024-05-25,The Polar Express,2004,https://boxd.it/23am,2
2024-05-25,Pulp Fiction,1994,https://boxd.it/29Pq,2
2024-05-25,There Will Be Blood,2007,https://boxd.it/20Z2,3
2024-05-25,Star Wars,1977,https://boxd.it/72s,1
2024-05-25,The Empire Strikes Back,1980,https://boxd.it/27Vw,1
2024-05-25,Star Wars: The Force Awakens,2015,https://boxd.it/4vru,1
2024-05-25,Star Wars: Episode III – Revenge of the Sith,2005,https://boxd.it/27US,3
2024-05-25,Return of the Jedi,1983,https://boxd.it/27Vm,2
2024-05-25,Star Wars: The Last Jedi,2017,https://boxd.it/5xme,1
2024-05-25,Star Wars: Episode I – The Phantom Menace,1999,https://boxd.it/27Vc,2
2024-05-25,Star Wars: Episode II – Attack of the Clones,2002,https://boxd.it/27V2,1
2024-05-25,Star Wars: The Rise of Skywalker,2019,https://boxd.it/5xlK,1
2024-05-25,The Godfather: Part II,1974,https://boxd.it/2aNq,5
2024-05-25,Beauty and the Beast,1991,https://boxd.it/1XhG,2
2024-05-25,How the Grinch Stole Christmas,2000,https://boxd.it/1ZHQ,1
2024-05-25,Moulin Rouge!,2001,https://boxd.it/29wI,4
2024-05-25,Billy Elliot,2000,https://boxd.it/2bdy,3
2024-05-25,The Incredibles,2004,https://boxd.it/1XLm,4
2024-05-25,Top Gun,1986,https://boxd.it/29JC,1
2024-05-25,Persepolis,2007,https://boxd.it/27DC,3
2024-05-25,Puss in Boots,2011,https://boxd.it/eL34,3
2024-05-25,Princess Protection Program,2009,https://boxd.it/1F5s,1
2024-05-25,16 Wishes,2010,https://boxd.it/12eU,2
2024-05-25,Skyfall,2012,https://boxd.it/17Fc,1
2024-05-25,Ford v Ferrari,2019,https://boxd.it/ce74,2
2024-05-25,Justice League,2017,https://boxd.it/4w68,1
2024-05-25,Alvin and the Chipmunks: The Squeakquel,2009,https://boxd.it/1zgk,1
2024-05-25,Alvin and the Chipmunks,2007,https://boxd.it/21E0,1
2024-05-25,Turbo,2013,https://boxd.it/2Hzw,1
2024-05-25,The Grand Budapest Hotel,2014,https://boxd.it/3ZqO,4
2024-05-25,Ratatouille,2007,https://boxd.it/27ww,4
2024-05-25,Akira,1988,https://boxd.it/2b1i,4
2024-05-25,Bram Stoker's Dracula,1992,https://boxd.it/223a,4
2024-05-25,All About My Mother,1999,https://boxd.it/2b9c,4
2024-05-25,Shin Godzilla,2016,https://boxd.it/a9lm,4
2024-05-25,Volver,2006,https://boxd.it/2aQO,4
2024-05-25,The Hunger Games: The Ballad of Songbirds & Snakes,2023,https://boxd.it/pZCY,3
2024-05-25,Spy Kids 2: The Island of Lost Dreams,2002,https://boxd.it/1Yyo,4
2024-05-25,Spy Kids,2001,https://boxd.it/1Xcw,3
2024-05-25,Spy Kids 3-D: Game Over,2003,https://boxd.it/1S7w,1
2024-05-26,In the Mood for Love,2000,https://boxd.it/29tE,5
2024-05-27,Bel Ami,2012,https://boxd.it/33Yo,1
2024-05-27,Taxi 4,2007,https://boxd.it/26TY,1
2024-05-27,Valerian and the City of a Thousand Planets,2017,https://boxd.it/biYY,1
2024-05-27,Up for Love,2016,https://boxd.it/cHaQ,4
2024-05-27,The Strange Thing About the Johnsons,2011,https://boxd.it/56nO,3
2024-05-28,The Color of Pomegranates,1969,https://boxd.it/1u94,5
2024-05-28,Fires of Kuwait,1992,https://boxd.it/1ty8,3
2024-05-29,Rambo: First Blood Part II,1985,https://boxd.it/28TQ,1
2024-05-29,Sleuth,1972,https://boxd.it/298c,4
2024-05-29,The Ascent,1977,https://boxd.it/Eew,5
2024-05-29,Tout Va Bien,1972,https://boxd.it/20AQ,5
2024-05-30,Moonrise Kingdom,2012,https://boxd.it/2Wng,3
2024-05-30,10 Things I Hate About You,1999,https://boxd.it/23AO,4
2024-05-30,The Dark Knight,2008,https://boxd.it/2b0k,2
2024-05-30,The Lord of the Rings: The Return of the King,2003,https://boxd.it/2b5u,3
2024-05-30,Nana,2006,https://boxd.it/qBBE,4
2024-05-30,Lawrence of Arabia,1962,https://boxd.it/2wRE,4
2024-05-30,The Lord of the Rings: The Fellowship of the Ring,2001,https://boxd.it/2b5O,2
2024-05-30,No Country for Old Men,2007,https://boxd.it/21ew,2
2024-05-30,Eternal Sunshine of the Spotless Mind,2004,https://boxd.it/6YK,1
2024-05-30,Raging Bull,1980,https://boxd.it/28yI,4
2024-05-30,Taxi Driver,1976,https://boxd.it/2b8y,3
2024-05-30,Pan's Labyrinth,2006,https://boxd.it/28No,3
2024-05-30,The Matrix,1999,https://boxd.it/2a1m,3
2024-05-30,Anatomy of a Fall,2023,https://boxd.it/yuDE,4
2024-05-30,Black Swan,2010,https://boxd.it/Sw0,3
2024-05-30,Thelma & Louise,1991,https://boxd.it/28Ew,4
2024-05-30,Toy Story,1995,https://boxd.it/29qA,2
2024-05-30,The Intouchables,2011,https://boxd.it/2FT0,1
2024-05-30,The Leopard,1963,https://boxd.it/296K,4
2024-05-30,Gladiator,2000,https://boxd.it/2b9m,1
2024-05-30,Logan,2017,https://boxd.it/7Piy,2
2024-05-30,Save Ralph,2021,https://boxd.it/ux2o,3
2024-05-30,Harold and Maude,1971,https://boxd.it/2axM,3
2024-05-30,The Wolf House,2018,https://boxd.it/i1vE,3
2024-05-30,Indiana Jones and the Last Crusade,1989,https://boxd.it/2baO,2
2024-05-30,Another Round,2020,https://boxd.it/lkba,2
2024-05-30,Devilman Crybaby,2018,https://boxd.it/muwa,4
2024-05-30,Shrek,2001,https://boxd.it/29zi,3
2024-05-30,"Monsters, Inc.",2001,https://boxd.it/2a46,3
2024-05-30,Die Hard,1988,https://boxd.it/2a7u,3
2024-05-30,The Assassination of Jesse James by the Coward Robert Ford,2007,https://boxd.it/24dG,4
2024-05-30,JFK,1991,https://boxd.it/29xm,3
2024-05-30,Casino Royale,2006,https://boxd.it/1alk,2
2024-05-30,The Fabulous Baron Munchausen,1962,https://boxd.it/ZV2,4
2024-05-30,Inspiration,1949,https://boxd.it/4fmS,3
2024-05-30,"Lock, Stock and Two Smoking Barrels",1998,https://boxd.it/2b92,2
2024-05-30,Avengers: Infinity War,2018,https://boxd.it/9vEe,2
2024-05-30,The Grucifixion,2021,https://boxd.it/JeYo,1
2024-05-30,Pirates of the Caribbean: The Curse of the Black Pearl,2003,https://boxd.it/70G,2
2024-05-30,Kirikou and the Sorceress,1998,https://boxd.it/1C3y,3
2024-05-30,Ocean's Eleven,2001,https://boxd.it/2aZm,2
2024-05-30,Battle Royale,2000,https://boxd.it/25zS,4
2024-05-30,Nosferatu the Vampyre,1979,https://boxd.it/21J0,3
2024-05-30,Barbie,2023,https://boxd.it/bCLK,3
2024-05-30,Carrie,1976,https://boxd.it/20ZQ,4
2024-05-30,The Witch,2015,https://boxd.it/9X0m,1
2024-05-30,Only Lovers Left Alive,2013,https://boxd.it/4O1U,2
2024-05-30,John Wick,2014,https://boxd.it/7dEc,2
2024-05-30,The Big Blue,1988,https://boxd.it/2aX6,4
2024-05-30,Dillinger Is Dead,1969,https://boxd.it/otU,4
2024-05-30,Juno,2007,https://boxd.it/210a,3
2024-05-30,The Meyerowitz Stories (New and Selected),2017,https://boxd.it/dSp0,3
2024-05-30,DodgeBall: A True Underdog Story,2004,https://boxd.it/1YAY,3
2024-05-30,Love Actually,2003,https://boxd.it/2aeU,2
2024-05-30,Dinosaur,2000,https://boxd.it/1VWi,4
2024-05-30,Air Bud: Golden Receiver,1998,https://boxd.it/1BxW,2
2024-05-30,Space Jam,1996,https://boxd.it/26YO,3
2024-05-30,Frog Baseball,1992,https://boxd.it/63gM,4
2024-05-30,The Departure,1967,https://boxd.it/4qCW,5
2024-05-31,À propos de Nice,1930,https://boxd.it/JMo,5
2024-05-31,Uncut Gems,2019,https://boxd.it/gXGc,3
2024-05-31,Spider-Man: Far from Home,2019,https://boxd.it/fegG,2
2024-05-31,John Wick: Chapter 2,2017,https://boxd.it/ayGu,3
2024-05-31,Strawberry Short-Cut,1991,https://boxd.it/fBA0,3
2024-05-31,A Portrait of Ga,1952,https://boxd.it/7imW,5
2024-05-31,Man in the Tunnel Alley,2009,https://boxd.it/nOgI,4
2024-05-31,The Fiancés of Macdonald Bridge,1961,https://boxd.it/uec,4
2024-05-31,The Pleasure of Love in Iran,1976,https://boxd.it/4zPA,2
2024-06-01,A Fan,1968,https://boxd.it/72Ha,2
2024-06-01,Living,1971,https://boxd.it/47aO,3
2024-06-01,27,2023,https://boxd.it/qN06,2
2024-06-01,A Trip to the Moon,1902,https://boxd.it/29EC,4
2024-06-01,The Cabbage-Patch Fairy,1896,https://boxd.it/4G92,4
2024-06-01,A Truck Under Repair,2004,https://boxd.it/fkYu,4
2024-06-03,Häxan,1922,https://boxd.it/n4O,4
2024-06-03,Free Radicals,1958,https://boxd.it/4eiA,2
2024-06-04,Spot of the 22nd Ji.hlava IDFF,2018,https://boxd.it/IgCM,4
2024-06-04,Blade,1998,https://boxd.it/1a8A,4
2024-06-04,From the East,1993,https://boxd.it/3ywU,4
2024-06-04,The Gospel According to St. Matthew,1964,https://boxd.it/1y7c,5
2024-06-05,Sea Countrymen,1955,https://boxd.it/6AIO,4
2024-06-05,Inside the Yellow Cocoon Shell,2023,https://boxd.it/Gama,4
2024-06-05,LOL (Laughing Out Loud),2008,https://boxd.it/2lxI,2
2024-06-05,LOL,2012,https://boxd.it/2Nas,1
2024-06-05,"Paris, Texas",1984,https://boxd.it/29Ts,4
2024-06-05,Ming Green,1966,https://boxd.it/4NG8,4
2024-06-05,Tinker Bell,2008,https://boxd.it/1QEy,3
2024-06-05,Tinker Bell and the Great Fairy Rescue,2010,https://boxd.it/RlU,1
2024-06-06,Kyiv Frescoes,1966,https://boxd.it/4RHO,4
2024-06-06,Tinker Bell and the Pirate Fairy,2014,https://boxd.it/5nyY,2
2024-06-06,Tribute to Zgougou the Cat,2002,https://boxd.it/gsVK,4
2024-06-08,The Maze Runner,2014,https://boxd.it/5YPM,2
2024-06-08,Maze Runner: The Scorch Trials,2015,https://boxd.it/9hwA,1
2024-06-08,Maze Runner: The Death Cure,2018,https://boxd.it/bakw,1
2024-06-08,National Treasure,2004,https://boxd.it/27x0,2
2024-06-08,National Treasure: Book of Secrets,2007,https://boxd.it/21rq,1
2024-06-08,Scott Pilgrim vs. the World,2010,https://boxd.it/1Aq6,1
2024-06-08,Clash of the Titans,2010,https://boxd.it/1GfI,1
2024-06-08,Goldman v Silverman,2020,https://boxd.it/oIV8,2
2024-06-08,Noiseman Sound Insect,1997,https://boxd.it/2p2Y,5
2024-06-08,Franz Kafka's a Country Doctor,2007,https://boxd.it/2vWS,2
2024-06-08,Lick the Star,1998,https://boxd.it/3f8Y,4
2024-06-08,Renaissance,2006,https://boxd.it/1YO2,1
2024-06-08,Yu-Gi-Oh!: The Dark Side of Dimensions,2016,https://boxd.it/cFLg,1
2024-06-08,Pacific Rim,2013,https://boxd.it/2cB2,4
2024-06-08,Bad Lieutenant,1992,https://boxd.it/1Src,1
2024-06-08,The Kissing Booth,2018,https://boxd.it/geR0,1
2024-06-08,Tall Girl,2019,https://boxd.it/n9yG,1
2024-06-08,Hannah Montana: The Movie,2009,https://boxd.it/1Hx4,3
2024-06-10,The Sixth Sense,1999,https://boxd.it/29Js,2
2024-06-10,The Village,2004,https://boxd.it/21iS,1
2024-06-10,Elysium,2013,https://boxd.it/2cBm,1
2024-06-10,The Sisterhood of the Traveling Pants,2005,https://boxd.it/1XPo,3
2024-06-11,Together,2021,https://boxd.it/y1t6,2
2024-06-11,Sunless Shadows,2019,https://boxd.it/o6u4,3
2024-06-11,Perfect Nanny,2019,https://boxd.it/lqPU,1
2024-06-11,Knives Out,2019,https://boxd.it/jWEA,2
2024-06-11,Captain Marvel,2019,https://boxd.it/9vSA,1
2024-06-11,The Shape of Water,2017,https://boxd.it/dZ5m,3
2024-06-11,Bajirao Mastani,2015,https://boxd.it/ck2O,3
2024-06-11,The Lobster,2015,https://boxd.it/7tnw,3
2024-06-11,Blackhat,2015,https://boxd.it/62Te,4
2024-06-11,Guardians of the Galaxy,2014,https://boxd.it/3VH2,2
2024-06-12,Cars,2006,https://boxd.it/29ho,3
2024-06-13,Frozen II,2019,https://boxd.it/aPvo,3
2024-06-13,"I'm a Cyborg, But That's OK",2006,https://boxd.it/2328,3
2024-06-13,New Rose Hotel,1998,https://boxd.it/1BVY,5
2024-06-14,Birds of Prey (and the Fantabulous Emancipation of One Harley Quinn),2020,https://boxd.it/hSyO,3
2024-06-14,BlacKkKlansman,2018,https://boxd.it/hxL8,3
2024-06-14,X-Men: First Class,2011,https://boxd.it/FOA,3
2024-06-14,High School Musical 2,2007,https://boxd.it/1PIu,3
2024-06-14,Showgirls,1995,https://boxd.it/1Vmk,5
2024-06-14,The Party 2,1982,https://boxd.it/2aXK,3
2024-06-14,The Tuche Family,2011,https://boxd.it/1RE,3
2024-06-14,Paul,2011,https://boxd.it/13uE,2
2024-06-14,Men in Black,1997,https://boxd.it/2a0I,2
2024-06-14,Men in Black II,2002,https://boxd.it/2a0y,1
2024-06-14,Men in Black 3,2012,https://boxd.it/103U,1
2024-06-18,My Little Loves,1974,https://boxd.it/1Eg,5
2024-06-18,Employment Offer,1982,https://boxd.it/b34m,4
2024-06-18,Antiporno,2016,https://boxd.it/eDjy,2
2024-06-18,Sans Soleil,1983,https://boxd.it/28B8,3
2024-06-18,Snow White and the Seven Dwarfs,1937,https://boxd.it/2arO,2
2024-06-19,Viridiana,1961,https://boxd.it/24eE,3
2024-06-20,Lara Croft: Tomb Raider,2001,https://boxd.it/27G2,1
2024-06-20,Lara Croft: Tomb Raider – The Cradle of Life,2003,https://boxd.it/27FS,1
2024-06-20,Ray,2004,https://boxd.it/28km,3
2024-06-21,All Too Well: The Short Film,2021,https://boxd.it/xTmc,2
2024-06-22,Pocket,2019,https://boxd.it/lzNS,3
2024-06-22,Four Nights of a Dreamer,1971,https://boxd.it/qRa,4
2024-06-22,Ice Age: Continental Drift,2012,https://boxd.it/lQ2,1
2024-06-22,The Ice Age Adventures of Buck Wild,2022,https://boxd.it/t7Ou,1
2024-06-23,The Heir Apparent: Largo Winch,2008,https://boxd.it/1Obu,2
2024-06-23,Largo Winch II,2011,https://boxd.it/mXo,1
2024-06-23,Koyaanisqatsi,1982,https://boxd.it/1U9E,3
2024-06-24,Nomad,1982,https://boxd.it/4VI2,4
2024-06-24,Where the Wild Things Are,2009,https://boxd.it/1K0C,2
2024-06-27,R.I.P.D.,2013,https://boxd.it/FQQ,1
