Date,Name,Year,Letterboxd URI
2022-03-23,"Paris, Texas",1984,https://boxd.it/29Ts
2020-04-24,Mean Girls,2004,https://boxd.it/1VNg
2020-04-24,John Wick,2014,https://boxd.it/7dEc
2020-04-24,John Wick: Chapter 2,2017,https://boxd.it/ayGu
2020-04-24,John Wick: Chapter 3 – Parabellum,2019,https://boxd.it/gmFw
2020-04-24,Avengers: Infinity War,2018,https://boxd.it/9vEe
2020-04-24,Avengers: Endgame,2019,https://boxd.it/9vE4
2020-04-24,Black Panther,2018,https://boxd.it/8MHs
2020-04-24,Guardians of the Galaxy,2014,https://boxd.it/3VH2
2020-04-24,Thor: Ragnarok,2017,https://boxd.it/8MHi
2020-04-24,Spider-Man: Homecoming,2017,https://boxd.it/aboM
2020-04-24,The Avengers,2012,https://boxd.it/1xFW
2020-04-24,Guardians of the Galaxy Vol. 2,2017,https://boxd.it/8MxC
2020-04-24,Captain America: Civil War,2016,https://boxd.it/89Ja
2020-04-24,Captain Marvel,2019,https://boxd.it/9vSA
2020-04-24,Spider-Man: Far from Home,2019,https://boxd.it/fegG
2020-04-24,Captain America: The Winter Soldier,2014,https://boxd.it/3r58
2020-04-24,Doctor Strange,2016,https://boxd.it/8MH8
2020-04-24,Iron Man,2008,https://boxd.it/28dA
2020-04-24,Avengers: Age of Ultron,2015,https://boxd.it/3qi6
2020-04-24,Ant-Man,2015,https://boxd.it/3vmW
2020-04-24,Captain America: The First Avenger,2011,https://boxd.it/28b0
2020-04-24,Ant-Man and the Wasp,2018,https://boxd.it/cqUW
2020-04-24,Iron Man 3,2013,https://boxd.it/2cBQ
2020-04-24,Thor,2011,https://boxd.it/1WQU
2020-04-24,Iron Man 2,2010,https://boxd.it/1WZM
2020-04-24,Thor: The Dark World,2013,https://boxd.it/2DqA
2020-04-24,The Incredible Hulk,2008,https://boxd.it/28dU
2020-04-24,Die Hard,1988,https://boxd.it/2a7u
2020-04-25,Die Hard 2,1990,https://boxd.it/28zw
2020-04-25,Die Hard: With a Vengeance,1995,https://boxd.it/28zG
2020-04-26,Castle in the Sky,1986,https://boxd.it/1W4G
2020-04-26,Kiki's Delivery Service,1989,https://boxd.it/1JAY
2020-04-26,Howl's Moving Castle,2004,https://boxd.it/23De
2020-04-26,Live Free or Die Hard,2007,https://boxd.it/28zQ
2020-04-28,Uncut Gems,2019,https://boxd.it/gXGc
2020-05-02,Blade,1998,https://boxd.it/1a8A
2020-05-02,Birds of Prey (and the Fantabulous Emancipation of One Harley Quinn),2020,https://boxd.it/hSyO
2020-05-10,The Great Gatsby,2013,https://boxd.it/JY
2020-05-10,A Good Day to Die Hard,2013,https://boxd.it/JrK
2020-05-22,Gone Girl,2014,https://boxd.it/6hQu
2020-05-27,Princess Mononoke,1997,https://boxd.it/2b4w
2020-05-27,Nausicaä of the Valley of the Wind,1984,https://boxd.it/2bc6
2020-05-27,Spirited Away,2001,https://boxd.it/2b4m
2020-06-07,When Marnie Was There,2014,https://boxd.it/78pm
2020-06-13,Whisper of the Heart,1995,https://boxd.it/17uy
2020-07-09,Your Name.,2016,https://boxd.it/cUqs
2020-07-25,Dunkirk,2017,https://boxd.it/d0Y6
2020-07-25,Whiplash,2014,https://boxd.it/7bQA
2020-08-04,The Shining,1980,https://boxd.it/29Nu
2020-08-04,WALL·E,2008,https://boxd.it/1VEo
2020-08-04,Inception,2010,https://boxd.it/1skk
2020-08-04,Interstellar,2014,https://boxd.it/4VZ8
2020-08-04,Mad Max: Fury Road,2015,https://boxd.it/2DjO
2020-08-04,The Shape of Water,2017,https://boxd.it/dZ5m
2020-08-04,BlacKkKlansman,2018,https://boxd.it/hxL8
2020-08-04,Amadeus,1984,https://boxd.it/2aH8
2020-08-04,Gravity,2013,https://boxd.it/GZY
2020-08-04,Hidden Figures,2016,https://boxd.it/dgS4
2020-08-04,Raw,2016,https://boxd.it/dLd2
2020-08-04,Godzilla,2014,https://boxd.it/47OE
2020-08-04,The Martian,2015,https://boxd.it/8SeG
2020-08-04,Sherlock Holmes: A Game of Shadows,2011,https://boxd.it/k3S
2020-08-04,The Adventures of Tintin,2011,https://boxd.it/1Irc
2020-08-04,Valerian and the City of a Thousand Planets,2017,https://boxd.it/biYY
2020-08-04,Wonder Woman,2017,https://boxd.it/9roG
2020-08-04,Frozen,2013,https://boxd.it/3GNa
2020-08-04,Frida,2002,https://boxd.it/28Vi
2020-08-04,The Big Blue,1988,https://boxd.it/2aX6
2020-08-04,The Lord of the Rings: The Return of the King,2003,https://boxd.it/2b5u
2020-08-04,The Lord of the Rings: The Fellowship of the Ring,2001,https://boxd.it/2b5O
2020-08-04,The Lord of the Rings: The Two Towers,2002,https://boxd.it/2b5E
2020-08-04,Inglourious Basterds,2009,https://boxd.it/1JzG
2020-08-04,The Lion King,1994,https://boxd.it/201Q
2020-08-04,Toy Story,1995,https://boxd.it/29qA
2020-08-04,Saving Private Ryan,1998,https://boxd.it/29ro
2020-08-04,Pan's Labyrinth,2006,https://boxd.it/28No
2020-08-05,Troy,2004,https://boxd.it/29TW
2020-08-05,Ratatouille,2007,https://boxd.it/27ww
2020-08-05,The Dark Knight Rises,2012,https://boxd.it/H3m
2020-08-09,Mean Girls 2,2011,https://boxd.it/Bje
2020-09-17,Dallas Buyers Club,2013,https://boxd.it/4O8G
2020-09-17,The Man in the White Suit,1951,https://boxd.it/1gVS
2020-09-21,Tales from Earthsea,2006,https://boxd.it/17ae
2020-09-30,Tenet,2020,https://boxd.it/leq4
2020-10-28,Amélie,2001,https://boxd.it/2aUc
2020-11-14,Camp Rock,2008,https://boxd.it/1PHw
2020-11-14,Camp Rock 2: The Final Jam,2010,https://boxd.it/Sru
2020-11-29,Scarface,1983,https://boxd.it/2b7g
2020-11-29,Gladiator,2000,https://boxd.it/2b9m
2021-01-10,The Breakfast Club,1985,https://boxd.it/27q4
2021-01-20,No,2012,https://boxd.it/3Ie2
2021-01-25,Perfect Nanny,2019,https://boxd.it/lqPU
2021-01-25,All That Glitters,2010,https://boxd.it/Sns
2021-02-07,The Terminator,1984,https://boxd.it/2aQY
2021-03-12,2 Fast 2 Furious,2003,https://boxd.it/2a4g
2021-04-15,Megamind,2010,https://boxd.it/16Sk
2021-04-15,Kong: Skull Island,2017,https://boxd.it/9ewM
2021-04-16,Shrek,2001,https://boxd.it/29zi
2021-04-16,Shrek 2,2004,https://boxd.it/29z8
2021-04-16,Shrek the Third,2007,https://boxd.it/29yY
2021-04-16,Shrek Forever After,2010,https://boxd.it/1WRo
2021-04-16,Lion,2016,https://boxd.it/b2La
2021-04-16,Carrie,1976,https://boxd.it/20ZQ
2021-06-03,Dreams,1990,https://boxd.it/1ROu
2021-06-07,On-Gaku: Our Sound,2019,https://boxd.it/ndze
2021-06-25,Bajirao Mastani,2015,https://boxd.it/ck2O
2021-07-10,Madame Claude,2021,https://boxd.it/oxTU
2021-07-15,Lady Bird,2017,https://boxd.it/dGNE
2021-07-15,No Country for Old Men,2007,https://boxd.it/21ew
2021-07-16,Sleepers,1996,https://boxd.it/29xw
2021-07-17,Possession,1981,https://boxd.it/1BPm
2021-07-20,Titane,2021,https://boxd.it/nlQC
2021-07-24,Space Jam,1996,https://boxd.it/26YO
2021-07-24,Godzilla: King of the Monsters,2019,https://boxd.it/cY7Y
2021-07-24,Godzilla vs. Kong,2021,https://boxd.it/e0qK
2021-08-09,Junior,2011,https://boxd.it/9PtA
2021-08-12,Kill Bill: Vol. 1,2003,https://boxd.it/70w
2021-08-16,Mulholland Drive,2001,https://boxd.it/297o
2021-08-16,Dune,1984,https://boxd.it/29tY
2021-08-16,Okja,2017,https://boxd.it/dvXe
2021-08-16,Barbie as The Princess & the Pauper,2004,https://boxd.it/1MGU
2021-08-16,Barbie of Swan Lake,2003,https://boxd.it/1MZM
2021-08-16,Barbie in the Nutcracker,2001,https://boxd.it/1MGA
2021-08-16,Barbie in The 12 Dancing Princesses,2006,https://boxd.it/1R34
2021-08-16,Barbie Fairytopia: Mermaidia,2006,https://boxd.it/1Que
2021-08-16,Barbie and the Three Musketeers,2009,https://boxd.it/1z4y
2021-08-16,Barbie: Fairytopia,2005,https://boxd.it/1Quo
2021-08-16,Scott Pilgrim vs. the World,2010,https://boxd.it/1Aq6
2021-08-19,The Tatami Galaxy,2010,https://boxd.it/oL50
2021-08-19,Devilman Crybaby,2018,https://boxd.it/muwa
2021-08-19,Nana,2006,https://boxd.it/qBBE
2021-08-19,Yu-Gi-Oh!: The Dark Side of Dimensions,2016,https://boxd.it/cFLg
2021-08-19,Pokémon: The First Movie - Mewtwo Strikes Back,1998,https://boxd.it/1WLA
2021-08-19,Pokémon the Movie: Mewtwo Strikes Back - Evolution,2019,https://boxd.it/kZu6
2021-08-19,Pokémon: The Rise of Darkrai,2007,https://boxd.it/1uKY
2021-08-19,Pokémon: Lucario and the Mystery of Mew,2005,https://boxd.it/1epg
2021-08-19,Pokémon Ranger and the Temple of the Sea,2006,https://boxd.it/1JEQ
2021-08-19,Pokémon: Mewtwo Returns,2000,https://boxd.it/19yi
2021-08-23,The Red Turtle,2016,https://boxd.it/bdkE
2021-09-04,Yu-Gi-Oh!: Bonds Beyond Time,2010,https://boxd.it/2pv2
2021-09-07,Shin Godzilla,2016,https://boxd.it/a9lm
2021-11-06,American Psycho,2000,https://boxd.it/28Vs
2021-11-12,The Greatest Showman,2017,https://boxd.it/acjI
2021-12-11,Gayniggers from Outer Space,1992,https://boxd.it/1fBW
2021-12-11,Spirit: Stallion of the Cimarron,2002,https://boxd.it/1Zmo
2021-12-11,Treasure Planet,2002,https://boxd.it/1Znm
2021-12-11,Fantastic Planet,1973,https://boxd.it/1KnQ
2021-12-11,Azur & Asmar: The Princes' Quest,2006,https://boxd.it/1FQy
2021-12-11,Princes and Princesses,2000,https://boxd.it/3eE
2021-12-11,Tales of the Night,2011,https://boxd.it/2JSK
2021-12-11,Kirikou and the Sorceress,1998,https://boxd.it/1C3y
2021-12-11,Kirikou and the Men and Women,2012,https://boxd.it/4tJw
2021-12-11,Cars,2006,https://boxd.it/29ho
2021-12-11,Cars 2,2011,https://boxd.it/H4Y
2021-12-11,Atlantis: The Lost Empire,2001,https://boxd.it/1Vck
2021-12-19,Love Actually,2003,https://boxd.it/2aeU
2021-12-21,Taxi Driver,1976,https://boxd.it/2b8y
2021-12-22,Mortal Engines,2018,https://boxd.it/fahg
2021-12-23,"Lock, Stock and Two Smoking Barrels",1998,https://boxd.it/2b92
2021-12-23,Fight Club,1999,https://boxd.it/2a9q
2021-12-23,The SpongeBob SquarePants Movie,2004,https://boxd.it/1SYq
2021-12-23,Heat,1995,https://boxd.it/2bg8
2021-12-23,In Time,2011,https://boxd.it/FPS
2021-12-23,Bad Teacher,2011,https://boxd.it/yXA
2021-12-23,The Social Network,2010,https://boxd.it/17ue
2021-12-23,Snatch,2000,https://boxd.it/2b7U
2021-12-23,Metropolis,1927,https://boxd.it/71a
2021-12-24,Zoolander,2001,https://boxd.it/1YMA
2021-12-24,Night at the Museum,2006,https://boxd.it/28wi
2021-12-24,Madagascar,2005,https://boxd.it/29dc
2021-12-24,DodgeBall: A True Underdog Story,2004,https://boxd.it/1YAY
2021-12-24,There's Something About Mary,1998,https://boxd.it/2aae
2021-12-24,Night at the Museum: Battle of the Smithsonian,2009,https://boxd.it/1H7U
2021-12-24,Meet the Parents,2000,https://boxd.it/28vE
2021-12-24,The Meyerowitz Stories (New and Selected),2017,https://boxd.it/dSp0
2021-12-24,SPF-18,2017,https://boxd.it/gXti
2021-12-24,Jules and Jim,1962,https://boxd.it/28rM
2021-12-25,Pulgasari,1985,https://boxd.it/1sL6
2021-12-26,Alice in Wonderland,2010,https://boxd.it/1Spq
2021-12-28,Spider-Man 3,2007,https://boxd.it/2a7Y
2021-12-28,Spider-Man 2,2004,https://boxd.it/2a88
2021-12-28,Spider-Man,2002,https://boxd.it/2a8i
2021-12-31,Sinbad: Legend of the Seven Seas,2003,https://boxd.it/1Oa2
2021-12-31,WHAT DID JACK DO?,2017,https://boxd.it/jcWe
2021-12-31,Pacific Rim,2013,https://boxd.it/2cB2
2021-12-31,King Kong,1933,https://boxd.it/2aMM
2021-12-31,Serial Experiments Lain,1998,https://boxd.it/hYQE
2021-12-31,Tokyo Godfathers,2003,https://boxd.it/1Qg2
2021-12-31,Anima,2019,https://boxd.it/mxuc
2021-12-31,Titanic,1997,https://boxd.it/2a2k
2021-12-31,Silent,2014,https://boxd.it/7Chi
2022-01-01,Lemonade Mouth,2011,https://boxd.it/4bG
2022-01-02,Logan,2017,https://boxd.it/7Piy
2022-01-02,Deadpool 2,2018,https://boxd.it/dlLM
2022-01-02,Deadpool,2016,https://boxd.it/9fOC
2022-01-02,X-Men: Days of Future Past,2014,https://boxd.it/4aRw
2022-01-02,X2,2003,https://boxd.it/1a7i
2022-01-02,X-Men,2000,https://boxd.it/1a7s
2022-01-02,X-Men: First Class,2011,https://boxd.it/FOA
2022-01-02,The Wolverine,2013,https://boxd.it/2CWU
2022-01-02,X-Men: Apocalypse,2016,https://boxd.it/7eJi
2022-01-02,X-Men Origins: Wolverine,2009,https://boxd.it/27ug
2022-01-02,X-Men: The Last Stand,2006,https://boxd.it/1a5Q
2022-01-02,The Hobbit: An Unexpected Journey,2012,https://boxd.it/GZk
2022-01-02,The Hobbit: The Desolation of Smaug,2013,https://boxd.it/nmS
2022-01-02,The Hobbit: The Battle of the Five Armies,2014,https://boxd.it/43aU
2022-01-02,To Kill a Child,1953,https://boxd.it/k6kK
2022-01-04,Cléo from 5 to 7,1962,https://boxd.it/2agm
2022-01-09,The Prestige,2006,https://boxd.it/293w
2022-01-09,The Sixth Sense,1999,https://boxd.it/29Js
2022-01-09,Split,2016,https://boxd.it/dgSy
2022-01-09,Glass,2019,https://boxd.it/g3uO
2022-01-09,Sleeping Beauty,1959,https://boxd.it/1V9A
2022-01-09,Bambi,1942,https://boxd.it/25AQ
2022-01-09,Mulan,1998,https://boxd.it/1VFw
2022-01-09,Tangled,2010,https://boxd.it/15gO
2022-01-09,Lilo & Stitch,2002,https://boxd.it/1TAY
2022-01-09,Cinderella,1950,https://boxd.it/1Uki
2022-01-09,Alice in Wonderland,1951,https://boxd.it/1Sz6
2022-01-09,Who Framed Roger Rabbit,1988,https://boxd.it/29ry
2022-01-09,The Little Mermaid,1989,https://boxd.it/1WYO
2022-01-09,Pinocchio,1940,https://boxd.it/1V8C
2022-01-09,Mary Poppins,1964,https://boxd.it/2aoA
2022-01-09,The Sword in the Stone,1963,https://boxd.it/1ZdG
2022-01-09,Hercules,1997,https://boxd.it/1SDW
2022-01-09,Robin Hood,1973,https://boxd.it/1SRa
2022-01-09,Aladdin,1992,https://boxd.it/29yE
2022-01-09,Peter Pan,1953,https://boxd.it/1VCC
2022-01-09,DuckTales: The Movie – Treasure of the Lost Lamp,1990,https://boxd.it/1VgQ
2022-01-09,Up,2009,https://boxd.it/1OEc
2022-01-09,The Black Cauldron,1985,https://boxd.it/1UYW
2022-01-09,Pete's Dragon,1977,https://boxd.it/1UBy
2022-01-09,The Rescuers Down Under,1990,https://boxd.it/1Uya
2022-01-09,Pirates of the Caribbean: The Curse of the Black Pearl,2003,https://boxd.it/70G
2022-01-09,The Aristocats,1970,https://boxd.it/1X3Y
2022-01-09,"Monsters, Inc.",2001,https://boxd.it/2a46
2022-01-09,Oliver & Company,1988,https://boxd.it/1Se8
2022-01-09,Finding Nemo,2003,https://boxd.it/72i
2022-01-09,Big Hero 6,2014,https://boxd.it/5rje
2022-01-09,Dinosaur,2000,https://boxd.it/1VWi
2022-01-09,Taken,2008,https://boxd.it/1ZXa
2022-01-09,Taken 2,2012,https://boxd.it/2TWi
2022-01-09,Taken 3,2014,https://boxd.it/7Iqq
2022-01-09,From Up on Poppy Hill,2011,https://boxd.it/2VCa
2022-01-20,First Blood,1982,https://boxd.it/28U0
2022-01-20,Predator,1987,https://boxd.it/2b84
2022-01-24,Moonlight,2016,https://boxd.it/d6bE
2022-01-24,Phantom of the Paradise,1974,https://boxd.it/1s34
2022-01-24,Blow Out,1981,https://boxd.it/1TlE
2022-01-25,Harakiri,1962,https://boxd.it/1NTU
2022-01-27,Alexander,2004,https://boxd.it/27K4
2022-01-27,Behavior,2014,https://boxd.it/7G8Y
2022-01-27,The Lobster,2015,https://boxd.it/7tnw
2022-01-30,Bad Lieutenant,1992,https://boxd.it/1Src
2022-01-30,Raging Bull,1980,https://boxd.it/28yI
2022-02-04,My Night at Maud's,1969,https://boxd.it/Hwo
2022-02-05,Children of Paradise,1945,https://boxd.it/26H4
2022-02-05,Charlie and the Chocolate Factory,2005,https://boxd.it/2b68
2022-02-06,Jumanji,1995,https://boxd.it/1ZLI
2022-02-06,Zathura: A Space Adventure,2005,https://boxd.it/21mq
2022-02-06,Spaceballs,1987,https://boxd.it/29cy
2022-02-06,Kick-Ass,2010,https://boxd.it/1zaQ
2022-02-06,Kick-Ass 2,2013,https://boxd.it/hqu
2022-02-06,Kingsman: The Secret Service,2014,https://boxd.it/6dxe
2022-02-07,The Dark Knight,2008,https://boxd.it/2b0k
2022-02-07,Calvaire,2004,https://boxd.it/1ROk
2022-02-07,"Jeanne Dielman, 23, quai du Commerce, 1080 Bruxelles",1975,https://boxd.it/T18
2022-02-07,Youth of the Beast,1963,https://boxd.it/179q
2022-02-07,The Strange Thing About the Johnsons,2011,https://boxd.it/56nO
2022-02-07,Black Sheep Boy,2020,https://boxd.it/opoO
2022-02-07,Jackass 3D,2010,https://boxd.it/1KpM
2022-02-07,Jackass Number Two,2006,https://boxd.it/1SyM
2022-02-07,Jackass: The Movie,2002,https://boxd.it/1Zo0
2022-02-07,Sonatine,1993,https://boxd.it/20TI
2022-02-07,A Woman and Her Car,2016,https://boxd.it/lDkU
2022-02-07,Portrait of a Young Girl at the End of the 60s in Brussels,1994,https://boxd.it/462a
2022-02-07,Camping,2006,https://boxd.it/1QYy
2022-02-07,Camping 2,2010,https://boxd.it/16mI
2022-02-07,Asterix at the Olympic Games,2008,https://boxd.it/26Nw
2022-02-07,Junior,2014,https://boxd.it/7p4U
2022-02-07,Disco,2008,https://boxd.it/1PxG
2022-02-07,Billy and Buddy,2013,https://boxd.it/5dvg
2022-02-07,Incognito,2009,https://boxd.it/1IIi
2022-02-07,The Marquis,2011,https://boxd.it/jq2
2022-02-07,Cineman,2009,https://boxd.it/1e4C
2022-02-07,RTT,2009,https://boxd.it/1tv4
2022-02-07,The Players,2012,https://boxd.it/3ao8
2022-02-07,Taxi,1998,https://boxd.it/26UM
2022-02-07,Taxi 2,2000,https://boxd.it/26Us
2022-02-07,Taxi 3,2003,https://boxd.it/26U8
2022-02-07,Taxi 4,2007,https://boxd.it/26TY
2022-02-07,Taxi 5,2018,https://boxd.it/fpIw
2022-02-07,Babysitting,2014,https://boxd.it/7NUq
2022-02-07,Alibi.com,2017,https://boxd.it/dYIi
2022-02-07,Babysitting 2,2015,https://boxd.it/aTwK
2022-02-07,The Chorus,2004,https://boxd.it/22X8
2022-02-07,Welcome to the Sticks,2008,https://boxd.it/20si
2022-02-07,Little Nicholas,2009,https://boxd.it/1jCE
2022-02-07,War of the Buttons,2011,https://boxd.it/2yya
2022-02-07,War of the Buttons,1962,https://boxd.it/1Wj2
2022-02-07,Anastasia,1997,https://boxd.it/1YFk
2022-02-07,The Recruit,2003,https://boxd.it/28oS
2022-02-09,Corpus Christi,2019,https://boxd.it/gULy
2022-02-10,Cowboy Bebop,1998,https://boxd.it/ptES
2022-02-12,The Discreet Charm of the Bourgeoisie,1972,https://boxd.it/2440
2022-02-12,Percy Jackson & the Olympians: The Lightning Thief,2010,https://boxd.it/1gJi
2022-02-12,Percy Jackson: Sea of Monsters,2013,https://boxd.it/2D8m
2022-02-12,The Hunger Games,2012,https://boxd.it/2uds
2022-02-12,The Hunger Games: Catching Fire,2013,https://boxd.it/3sAw
2022-02-12,The Hunger Games: Mockingjay – Part 1,2014,https://boxd.it/4hka
2022-02-12,The Hunger Games: Mockingjay – Part 2,2015,https://boxd.it/4hk0
2022-02-12,Battle Royale,2000,https://boxd.it/25zS
2022-02-12,The Wolf House,2018,https://boxd.it/i1vE
2022-02-13,King of New York,1990,https://boxd.it/1Ynq
2022-02-13,Torment,1994,https://boxd.it/1HMS
2022-02-13,Dawn of the Planet of the Apes,2014,https://boxd.it/3XyQ
2022-02-13,Rise of the Planet of the Apes,2011,https://boxd.it/cS4
2022-02-13,War for the Planet of the Apes,2017,https://boxd.it/8FE2
2022-02-13,Kisapmata,1981,https://boxd.it/6sRo
2022-02-13,Coraline,2009,https://boxd.it/1NhQ
2022-02-13,From the East,1993,https://boxd.it/3ywU
2022-02-14,Come and See,1985,https://boxd.it/1w9q
2022-02-14,Videodrome,1983,https://boxd.it/29uC
2022-02-14,When the Cat Comes,1963,https://boxd.it/JJ0
2022-02-15,La La Land,2016,https://boxd.it/a5fa
2022-02-16,A Brighter Summer Day,1991,https://boxd.it/1Luy
2022-02-17,Another Cinderella Story,2008,https://boxd.it/1MHS
2022-02-17,A Cinderella Story: Once Upon a Song,2011,https://boxd.it/2zTe
2022-02-17,A Cinderella Story: Christmas Wish,2019,https://boxd.it/mnqY
2022-02-17,A Cinderella Story: If the Shoe Fits,2016,https://boxd.it/elEo
2022-02-17,The Cheetah Girls,2003,https://boxd.it/1hkS
2022-02-17,High School Musical,2006,https://boxd.it/1V0y
2022-02-17,Cow Belles,2006,https://boxd.it/1wXq
2022-02-17,The Cheetah Girls 2,2006,https://boxd.it/17Ws
2022-02-17,High School Musical 2,2007,https://boxd.it/1PIu
2022-02-17,Princess Protection Program,2009,https://boxd.it/1F5s
2022-02-17,Starstruck,2010,https://boxd.it/1cjq
2022-02-17,The Cheetah Girls: One World,2008,https://boxd.it/1rns
2022-02-17,Den Brother,2010,https://boxd.it/O26
2022-02-17,Avalon High,2010,https://boxd.it/DyA
2022-02-17,Sharpay's Fabulous Adventure,2011,https://boxd.it/g6I
2022-02-17,The Suite Life Movie,2011,https://boxd.it/f92
2022-02-17,Geek Charming,2011,https://boxd.it/2Q8k
2022-02-17,"Good Luck Charlie, It's Christmas!",2011,https://boxd.it/2QAy
2022-02-17,Frenemies,2012,https://boxd.it/2XvA
2022-02-17,Radio Rebel,2012,https://boxd.it/39mq
2022-02-17,High School Musical 3: Senior Year,2008,https://boxd.it/1SR0
2022-02-17,La Jetée,1962,https://boxd.it/29Sk
2022-02-17,Wasp,2003,https://boxd.it/RRQ
2022-02-18,Fifty Shades of Grey,2015,https://boxd.it/6qLo
2022-02-18,Fifty Shades Darker,2017,https://boxd.it/bm2E
2022-02-18,Fifty Shades Freed,2018,https://boxd.it/bb5C
2022-02-18,Donkey Skin,1970,https://boxd.it/22V2
2022-02-19,Fallen Angels,1995,https://boxd.it/1UkW
2022-02-19,Fail Safe,1964,https://boxd.it/2afS
2022-02-19,Dr. Strangelove or: How I Learned to Stop Worrying and Love the Bomb,1964,https://boxd.it/29eY
2022-02-20,Phenomena,1985,https://boxd.it/1o4s
2022-02-20,The Neon Demon,2016,https://boxd.it/9AnW
2022-02-20,Modern Romance,1981,https://boxd.it/6Xi
2022-02-20,Eternal Sunshine of the Spotless Mind,2004,https://boxd.it/6YK
2022-02-20,Frances Ha,2012,https://boxd.it/41Xg
2022-02-21,"Synecdoche, New York",2008,https://boxd.it/23zw
2022-02-22,Eyes Wide Shut,1999,https://boxd.it/2axs
2022-02-22,Blackhat,2015,https://boxd.it/62Te
2022-02-22,Querelle,1982,https://boxd.it/XEy
2022-02-22,Knives Out,2019,https://boxd.it/jWEA
2022-02-23,Swallow,2019,https://boxd.it/lA0i
2022-02-23,Perfect Blue,1997,https://boxd.it/1W7A
2022-02-24,The Assassination of Jesse James by the Coward Robert Ford,2007,https://boxd.it/24dG
2022-02-24,"Salò, or the 120 Days of Sodom",1975,https://boxd.it/237s
2022-02-24,JFK,1991,https://boxd.it/29xm
2022-02-25,12 Angry Men,1957,https://boxd.it/2auI
2022-02-25,Full Speed,2016,https://boxd.it/dk8u
2022-02-25,Ivan's Childhood,1962,https://boxd.it/1j6y
2022-02-25,Harry Potter and the Prisoner of Azkaban,2004,https://boxd.it/29Qy
2022-02-25,Harry Potter and the Philosopher's Stone,2001,https://boxd.it/29QS
2022-02-25,Harry Potter and the Chamber of Secrets,2002,https://boxd.it/29QI
2022-02-25,Harry Potter and the Goblet of Fire,2005,https://boxd.it/29Qo
2022-02-25,Harry Potter and the Deathly Hallows: Part 2,2011,https://boxd.it/1RYk
2022-02-25,Harry Potter and the Order of the Phoenix,2007,https://boxd.it/29Qe
2022-02-25,Harry Potter and the Deathly Hallows: Part 1,2010,https://boxd.it/1RYu
2022-02-25,Harry Potter and the Half-Blood Prince,2009,https://boxd.it/29FU
2022-02-25,Kill Your Darlings,2013,https://boxd.it/4VRS
2022-02-25,The Mother and the Whore,1973,https://boxd.it/HQe
2022-02-26,Memories of Murder,2003,https://boxd.it/1TSo
2022-02-26,The Fabulous Baron Munchausen,1962,https://boxd.it/ZV2
2022-02-26,Bridge to Terabithia,2007,https://boxd.it/28YG
2022-02-26,Starship Troopers,1997,https://boxd.it/2a7k
2022-02-26,Flushed Away,2006,https://boxd.it/1Tpm
2022-02-26,Stuart Little,1999,https://boxd.it/1WZW
2022-02-26,Stuart Little 2,2002,https://boxd.it/1UTW
2022-02-26,Stuart Little 3: Call of the Wild,2005,https://boxd.it/1lO8
2022-02-26,Ice Age,2002,https://boxd.it/2apS
2022-02-26,Ice Age: The Meltdown,2006,https://boxd.it/2wRk
2022-02-26,Ice Age: Dawn of the Dinosaurs,2009,https://boxd.it/20iC
2022-02-26,Ice Age: Continental Drift,2012,https://boxd.it/lQ2
2022-02-26,Ice Age: Collision Course,2016,https://boxd.it/8upq
2022-02-26,Mysterious Object at Noon,2000,https://boxd.it/3gqu
2022-02-26,Air Bud,1997,https://boxd.it/1CYY
2022-02-26,Air Bud: Golden Receiver,1998,https://boxd.it/1BxW
2022-02-27,Annette,2021,https://boxd.it/f0RS
2022-02-27,Licorice Pizza,2021,https://boxd.it/qTKY
2022-02-27,Love Liza,2002,https://boxd.it/1Mjw
2022-02-27,Bicycle Thieves,1948,https://boxd.it/23hW
2022-02-27,All Too Well: The Short Film,2021,https://boxd.it/xTmc
2022-02-28,Stalker,1979,https://boxd.it/28PO
2022-03-01,Dillinger Is Dead,1969,https://boxd.it/otU
2022-03-01,Valiant,2005,https://boxd.it/1OBM
2022-03-01,Robots,2005,https://boxd.it/1Xve
2022-03-01,Rio,2011,https://boxd.it/NKc
2022-03-01,Not Very Normal Activities,2013,https://boxd.it/55D2
2022-03-01,The Tuche Family,2011,https://boxd.it/1RE
2022-03-01,The Tuche Family: The American Dream,2016,https://boxd.it/cOXg
2022-03-01,Asterix & Obelix: Mission Cleopatra,2002,https://boxd.it/268o
2022-03-01,The Extraordinary Adventures of Adèle Blanc-Sec,2010,https://boxd.it/1cke
2022-03-01,RRRrrrr!!!,2004,https://boxd.it/1BnM
2022-03-01,Those Happy Days,2006,https://boxd.it/1FHw
2022-03-01,Mais qui a tué Pamela Rose ?,2003,https://boxd.it/1E3A
2022-03-01,Mais qui a re-tué Pamela Rose ?,2012,https://boxd.it/4tkw
2022-03-01,The Intouchables,2011,https://boxd.it/2FT0
2022-03-01,La Tour Montparnasse Infernale,2001,https://boxd.it/1Mec
2022-03-01,So Happy Together,2009,https://boxd.it/1Foa
2022-03-01,Plan de table,2012,https://boxd.it/4gA2
2022-03-01,Short Cuts,1993,https://boxd.it/29Nk
2022-03-01,The Chronicles of Narnia: The Voyage of the Dawn Treader,2010,https://boxd.it/1WZs
2022-03-01,"The Chronicles of Narnia: The Lion, the Witch and the Wardrobe",2005,https://boxd.it/2ark
2022-03-01,The Chronicles of Narnia: Prince Caspian,2008,https://boxd.it/26Hy
2022-03-03,Frozen II,2019,https://boxd.it/aPvo
2022-03-03,Brother Bear,2003,https://boxd.it/1Xjs
2022-03-03,Tarzan,1999,https://boxd.it/18YO
2022-03-03,Snow White and the Seven Dwarfs,1937,https://boxd.it/2arO
2022-03-03,The Fox and the Hound,1981,https://boxd.it/1V0o
2022-03-04,The Blackout,1997,https://boxd.it/1vjk
2022-03-06,New Rose Hotel,1998,https://boxd.it/1BVY
2022-03-06,Black Swan,2010,https://boxd.it/Sw0
2022-03-09,Avatar,2009,https://boxd.it/1Efm
2022-03-09,Bronson,2008,https://boxd.it/1GM8
2022-03-10,Sunless Shadows,2019,https://boxd.it/o6u4
2022-03-11,Jigoku,1960,https://boxd.it/EfY
2022-03-11,Blow-Up,1966,https://boxd.it/2966
2022-03-11,Nineteen Eighty-Four,1984,https://boxd.it/1YZE
2022-03-11,Elysium,2013,https://boxd.it/2cBm
2022-03-11,Independence Day: Resurgence,2016,https://boxd.it/JwK
2022-03-11,Batman Begins,2005,https://boxd.it/2aIg
2022-03-11,Equilibrium,2002,https://boxd.it/211s
2022-03-11,Early Summer,1951,https://boxd.it/E4G
2022-03-14,The Wind Rises,2013,https://boxd.it/4JQS
2022-03-15,The Little Prince,2015,https://boxd.it/9WbS
2022-03-15,Fear and Loathing in Las Vegas,1998,https://boxd.it/27Xs
2022-03-15,BPM (Beats per Minute),2017,https://boxd.it/g796
2022-03-16,Dead Ringers,1988,https://boxd.it/1Yqk
2022-03-22,A Man Escaped,1956,https://boxd.it/1MzY
2022-03-23,Four Roads,2021,https://boxd.it/sPTc
2022-03-23,The Unseen River,2020,https://boxd.it/roeu
2022-03-23,Milk,1998,https://boxd.it/5dyk
2022-03-23,Along the Coast,1958,https://boxd.it/7298
2022-03-23,Scenes with Beans,1976,https://boxd.it/kWGo
2022-03-30,Adieu Bohème,2017,https://boxd.it/xD84
2022-05-01,Alita: Battle Angel,2019,https://boxd.it/e0rS
2022-05-02,La Dolce Vita,1960,https://boxd.it/2anC
2022-05-02,Dog Day Afternoon,1975,https://boxd.it/29bg
2022-05-15,Only Lovers Left Alive,2013,https://boxd.it/4O1U
2022-06-16,Golden Boy,1995,https://boxd.it/1oZe
2022-07-01,The Long Goodbye,1973,https://boxd.it/281O
2022-07-04,Miami Vice,2006,https://boxd.it/2bbW
2022-07-05,House,1977,https://boxd.it/1vsm
2022-07-25,The Sorcerer's Apprentice,2010,https://boxd.it/1sGg
2022-07-25,Alien,1979,https://boxd.it/2awY
2022-07-25,The Rocky Horror Picture Show,1975,https://boxd.it/1a3q
2022-07-26,Aliens,1986,https://boxd.it/29PA
2022-07-26,Hippocrates,2014,https://boxd.it/8bdK
2022-07-26,Juno,2007,https://boxd.it/210a
2022-07-26,The Curious Case of Benjamin Button,2008,https://boxd.it/23Fk
2022-07-26,Alien³,1992,https://boxd.it/20zS
2022-07-26,Dangerous Liaisons,2022,https://boxd.it/AABe
2022-07-26,Alien Resurrection,1997,https://boxd.it/20zI
2022-07-27,Predator 2,1990,https://boxd.it/2aY4
2022-08-01,Ford v Ferrari,2019,https://boxd.it/ce74
2022-08-02,AVP: Alien vs. Predator,2004,https://boxd.it/2atU
2022-08-02,Aliens vs Predator: Requiem,2007,https://boxd.it/2ans
2022-08-21,Valis: The Fantasm Soldier,1987,https://boxd.it/wrbe
2022-08-26,Gran Torino,2008,https://boxd.it/1Qzy
2022-09-01,Thelma & Louise,1991,https://boxd.it/28Ew
2022-10-26,The Witch,2015,https://boxd.it/9X0m
2023-01-05,Up for Love,2016,https://boxd.it/cHaQ
2023-01-16,Beau Travail,1999,https://boxd.it/1NI8
2023-01-22,Ratatoing,2007,https://boxd.it/60Li
2023-02-11,Aftersun,2022,https://boxd.it/Arw0
2023-02-24,Monsieur Hulot's Holiday,1953,https://boxd.it/29E8
2023-05-07,Harold and Maude,1971,https://boxd.it/2axM
2023-05-09,Isn't It Romantic,2019,https://boxd.it/g1jE
2023-05-11,Ocean's Eleven,2001,https://boxd.it/2aZm
2023-06-13,Platform,2000,https://boxd.it/2O0S
2023-06-25,The Godfather,1972,https://boxd.it/2aNK
2023-06-25,The Dictator,2012,https://boxd.it/2DEW
2023-06-29,Glass Onion,2022,https://boxd.it/oCkK
2023-06-29,Blow Up My Town,1968,https://boxd.it/FXW
2023-06-29,"Hail, Sarajevo",1993,https://boxd.it/5mrC
2023-06-29,Frog Baseball,1992,https://boxd.it/63gM
2023-06-29,The Cat with Hands,2001,https://boxd.it/LZ0
2023-06-29,Together,2021,https://boxd.it/y1t6
2023-06-29,Bubu & Bubulina,2015,https://boxd.it/cOis
2023-06-29,Inspiration,1949,https://boxd.it/4fmS
2023-06-29,Larisa,1980,https://boxd.it/7Ce4
2023-06-29,OPAL,2020,https://boxd.it/suy8
2023-06-29,La chambre,1972,https://boxd.it/3Gps
2023-07-01,Employment Offer,1982,https://boxd.it/b34m
2023-07-01,Alix's Pictures,1982,https://boxd.it/5YPC
2023-07-01,BEEF,2023,https://boxd.it/FPsm
2023-07-01,Once Upon a Time… in Hollywood,2019,https://boxd.it/gH0O
2023-07-02,Akira,1988,https://boxd.it/2b1i
2023-07-02,Arthur and the Invisibles,2006,https://boxd.it/1Xm2
2023-07-02,Arthur and the Revenge of Maltazard,2009,https://boxd.it/1tKI
2023-07-02,Arthur 3: The War of the Two Worlds,2010,https://boxd.it/VFO
2023-07-02,Lucy,2014,https://boxd.it/75hu
2023-07-02,The Fifth Element,1997,https://boxd.it/71k
2023-07-02,2012,2009,https://boxd.it/1OE2
2023-07-02,Another Round,2020,https://boxd.it/lkba
2023-07-02,Ave Maria,1972,https://boxd.it/5Z9i
2023-07-03,Pain and Glory,2019,https://boxd.it/iOBQ
2023-07-03,Volver,2006,https://boxd.it/2aQO
2023-07-04,Birdman or (The Unexpected Virtue of Ignorance),2014,https://boxd.it/5RFA
2023-07-04,The French Dispatch,2021,https://boxd.it/jLP8
2023-07-04,The Party,1980,https://boxd.it/2aYy
2023-07-04,The Party 2,1982,https://boxd.it/2aXK
2023-07-05,The Matrix,1999,https://boxd.it/2a1m
2023-07-05,The Grand Budapest Hotel,2014,https://boxd.it/3ZqO
2023-07-05,The Departure,1967,https://boxd.it/4qCW
2023-07-05,The Land of Cards,2013,https://boxd.it/6fWg
2023-07-10,Hugo,2011,https://boxd.it/R08
2023-07-10,Lick the Star,1998,https://boxd.it/3f8Y
2023-07-14,All About My Mother,1999,https://boxd.it/2b9c
2023-07-15,Cast Away,2000,https://boxd.it/20i8
2023-07-15,The Skin I Live In,2011,https://boxd.it/99A
2023-07-15,Jurassic Park,1993,https://boxd.it/2aA2
2023-07-15,Raiders of the Lost Ark,1981,https://boxd.it/2bbs
2023-07-15,Indiana Jones and the Last Crusade,1989,https://boxd.it/2baO
2023-07-15,Indiana Jones and the Temple of Doom,1984,https://boxd.it/2bb8
2023-07-15,The Little Wars,1982,https://boxd.it/4PNA
2023-07-15,Fantastic Mr. Fox,2009,https://boxd.it/1WyQ
2023-07-17,The Grucifixion,2021,https://boxd.it/JeYo
2023-07-17,My Own Private Idaho,1991,https://boxd.it/2ak4
2023-07-18,Man With No Name,2010,https://boxd.it/7m3u
2023-07-18,Chikan densha: Iyarashii kôi,1993,https://boxd.it/cQL2
2023-07-19,Terminator 2: Judgment Day,1991,https://boxd.it/2aGY
2023-07-19,Lost in Translation,2003,https://boxd.it/2b0E
2023-07-21,Koyaanisqatsi,1982,https://boxd.it/1U9E
2023-07-21,Hieronymus Bosch's Garden of Delights,1981,https://boxd.it/7xmi
2023-07-21,Boogie Nights,1997,https://boxd.it/23um
2023-07-23,Showgirls,1995,https://boxd.it/1Vmk
2023-07-23,Bram Stoker's Dracula,1992,https://boxd.it/223a
2023-07-24,Vive L'Amour,1994,https://boxd.it/2wsa
2023-07-24,Slumdog Millionaire,2008,https://boxd.it/1S3E
2023-07-24,High Life,2018,https://boxd.it/d6bk
2023-07-24,Love & Pop,1998,https://boxd.it/2sv0
2023-08-03,Barbie,2023,https://boxd.it/bCLK
2023-08-04,Kill Bill: Vol. 2,2004,https://boxd.it/2au4
2023-08-04,The Devil's Backbone,2001,https://boxd.it/28Li
2023-08-12,Jason Bourne,2016,https://boxd.it/ayYy
2023-08-12,Spider-Man: No Way Home,2021,https://boxd.it/nwRw
2023-08-13,Bel Ami,2012,https://boxd.it/33Yo
2023-08-13,Fantastic Beasts and Where to Find Them,2016,https://boxd.it/7FPC
2023-08-16,The Gendarme and the Gendarmettes,1982,https://boxd.it/1SMu
2023-08-28,Skyfall,2012,https://boxd.it/17Fc
2023-08-28,Casino Royale,2006,https://boxd.it/1alk
2023-09-01,Barbie: Princess Adventure,2020,https://boxd.it/rHQM
2023-09-15,Anatomy of a Fall,2023,https://boxd.it/yuDE
2023-10-01,Inside the Yellow Cocoon Shell,2023,https://boxd.it/Gama
2023-12-26,Coco,2017,https://boxd.it/bYJQ
2023-12-28,Bridget Jones's Diary,2001,https://boxd.it/29WQ
2023-12-29,Marie Antoinette,2006,https://boxd.it/27Wa
2024-02-05,Nosferatu the Vampyre,1979,https://boxd.it/21J0
2024-02-05,Renaissance,2006,https://boxd.it/1YO2
2024-02-26,Cutie Honey,2004,https://boxd.it/1CHe
2024-03-27,The Hunger Games: The Ballad of Songbirds & Snakes,2023,https://boxd.it/pZCY
2024-04-03,10 Things I Hate About You,1999,https://boxd.it/23AO
2024-05-04,Truth or Dare,1994,https://boxd.it/RQy
2024-05-04,A Touch of Sin,2013,https://boxd.it/5Fvo
2024-05-05,Emilie Muller,1993,https://boxd.it/ewEO
2024-05-05,Tribute to Zgougou the Cat,2002,https://boxd.it/gsVK
2024-05-05,Spot of the 22nd Ji.hlava IDFF,2018,https://boxd.it/IgCM
2024-05-06,In the Darkness of Time,2002,https://boxd.it/awaQ
2024-05-06,Save Ralph,2021,https://boxd.it/ux2o
2024-05-06,The Legend of Pipi,2022,https://boxd.it/BOvw
2024-05-06,Wishing Apple,2019,https://boxd.it/mNE8
2024-05-06,Water for Maya,2000,https://boxd.it/54T4
2024-05-14,Häxan,1922,https://boxd.it/n4O
2024-05-15,Lawrence of Arabia,1962,https://boxd.it/2wRE
2024-05-16,Ghost in the Shell,2017,https://boxd.it/abTA
2024-05-16,Persona,1966,https://boxd.it/29B4
2024-05-16,Possum,2018,https://boxd.it/gW5u
2024-05-17,Barry Lyndon,1975,https://boxd.it/25A2
2024-05-18,City of God,2002,https://boxd.it/2a2a
2024-05-21,Challengers,2024,https://boxd.it/zld0
2024-05-21,Samuel,2024,https://boxd.it/LWKk
2024-05-21,Madagascar 3: Europe's Most Wanted,2012,https://boxd.it/2NF6
2024-05-21,Madagascar: Escape 2 Africa,2008,https://boxd.it/1W2K
2024-05-21,Prometheus,2012,https://boxd.it/2s9e
2024-05-21,What Happened to Monday,2017,https://boxd.it/ejUu
2024-05-21,Monsters vs Aliens,2009,https://boxd.it/1M50
2024-05-21,Mutant Pumpkins from Outer Space,2009,https://boxd.it/vhQ
2024-05-21,Night of the Living Carrots,2011,https://boxd.it/3VBS
2024-05-21,B.O.B.'s Big Break,2009,https://boxd.it/1wPm
2024-05-21,Godzilla,1954,https://boxd.it/28kc
2024-05-21,What We Do in the Shadows,2014,https://boxd.it/7eQy
2024-05-22,Solaris,1972,https://boxd.it/2a2Y
2024-05-22,Back to the Future,1985,https://boxd.it/2b8e
2024-05-22,Back to the Future Part II,1989,https://boxd.it/2aYI
2024-05-22,Back to the Future Part III,1990,https://boxd.it/2aTS
2024-05-22,Transformers,2007,https://boxd.it/280c
2024-05-22,Transformers: Revenge of the Fallen,2009,https://boxd.it/20gG
2024-05-22,Transformers: Dark of the Moon,2011,https://boxd.it/16aC
2024-05-22,The Idea of You,2024,https://boxd.it/vOW6
2024-05-24,Tomboy,2011,https://boxd.it/49U
2024-05-25,Indiana Jones and the Kingdom of the Crystal Skull,2008,https://boxd.it/2aR8
2024-05-25,The BFG,2016,https://boxd.it/81cs
2024-05-25,The Polar Express,2004,https://boxd.it/23am
2024-05-25,The Leopard,1963,https://boxd.it/296K
2024-05-25,Pulp Fiction,1994,https://boxd.it/29Pq
2024-05-25,There Will Be Blood,2007,https://boxd.it/20Z2
2024-05-25,Star Wars,1977,https://boxd.it/72s
2024-05-25,The Empire Strikes Back,1980,https://boxd.it/27Vw
2024-05-25,Star Wars: The Force Awakens,2015,https://boxd.it/4vru
2024-05-25,Star Wars: Episode III – Revenge of the Sith,2005,https://boxd.it/27US
2024-05-25,Return of the Jedi,1983,https://boxd.it/27Vm
2024-05-25,Star Wars: The Last Jedi,2017,https://boxd.it/5xme
2024-05-25,Star Wars: Episode I – The Phantom Menace,1999,https://boxd.it/27Vc
2024-05-25,Star Wars: Episode II – Attack of the Clones,2002,https://boxd.it/27V2
2024-05-25,Star Wars: The Rise of Skywalker,2019,https://boxd.it/5xlK
2024-05-25,The Godfather: Part II,1974,https://boxd.it/2aNq
2024-05-25,Beauty and the Beast,1991,https://boxd.it/1XhG
2024-05-25,How the Grinch Stole Christmas,2000,https://boxd.it/1ZHQ
2024-05-25,Moulin Rouge!,2001,https://boxd.it/29wI
2024-05-25,Billy Elliot,2000,https://boxd.it/2bdy
2024-05-25,The Incredibles,2004,https://boxd.it/1XLm
2024-05-25,Top Gun,1986,https://boxd.it/29JC
2024-05-25,Persepolis,2007,https://boxd.it/27DC
2024-05-25,Puss in Boots,2011,https://boxd.it/eL34
2024-05-25,16 Wishes,2010,https://boxd.it/12eU
2024-05-25,Justice League,2017,https://boxd.it/4w68
2024-05-25,Alvin and the Chipmunks: The Squeakquel,2009,https://boxd.it/1zgk
2024-05-25,Alvin and the Chipmunks,2007,https://boxd.it/21E0
2024-05-25,Turbo,2013,https://boxd.it/2Hzw
2024-05-25,Spy Kids,2001,https://boxd.it/1Xcw
2024-05-25,Spy Kids 2: The Island of Lost Dreams,2002,https://boxd.it/1Yyo
2024-05-25,Spy Kids 3-D: Game Over,2003,https://boxd.it/1S7w
2024-05-26,In the Mood for Love,2000,https://boxd.it/29tE
2024-05-28,Fires of Kuwait,1992,https://boxd.it/1ty8
2024-05-28,The Color of Pomegranates,1969,https://boxd.it/1u94
2024-05-29,Rambo: First Blood Part II,1985,https://boxd.it/28TQ
2024-05-29,Sleuth,1972,https://boxd.it/298c
2024-05-29,The Ascent,1977,https://boxd.it/Eew
2024-05-29,Tout Va Bien,1972,https://boxd.it/20AQ
2024-05-30,Moonrise Kingdom,2012,https://boxd.it/2Wng
2024-05-31,À propos de Nice,1930,https://boxd.it/JMo
2024-05-31,Strawberry Short-Cut,1991,https://boxd.it/fBA0
2024-05-31,A Portrait of Ga,1952,https://boxd.it/7imW
2024-05-31,Man in the Tunnel Alley,2009,https://boxd.it/nOgI
2024-05-31,The Fiancés of Macdonald Bridge,1961,https://boxd.it/uec
2024-05-31,Free Radicals,1958,https://boxd.it/4eiA
2024-05-31,The Pleasure of Love in Iran,1976,https://boxd.it/4zPA
2024-06-01,A Fan,1968,https://boxd.it/72Ha
2024-06-01,Living,1971,https://boxd.it/47aO
2024-06-01,27,2023,https://boxd.it/qN06
2024-06-01,A Trip to the Moon,1902,https://boxd.it/29EC
2024-06-01,The Cabbage-Patch Fairy,1896,https://boxd.it/4G92
2024-06-01,A Truck Under Repair,2004,https://boxd.it/fkYu
2024-06-04,The Gospel According to St. Matthew,1964,https://boxd.it/1y7c
2024-06-05,Sea Countrymen,1955,https://boxd.it/6AIO
2024-06-05,LOL (Laughing Out Loud),2008,https://boxd.it/2lxI
2024-06-05,LOL,2012,https://boxd.it/2Nas
2024-06-05,Ming Green,1966,https://boxd.it/4NG8
2024-06-05,Tinker Bell,2008,https://boxd.it/1QEy
2024-06-05,Tinker Bell and the Great Fairy Rescue,2010,https://boxd.it/RlU
2024-06-05,Tinker Bell and the Pirate Fairy,2014,https://boxd.it/5nyY
2024-06-06,Kyiv Frescoes,1966,https://boxd.it/4RHO
2024-06-08,The Maze Runner,2014,https://boxd.it/5YPM
2024-06-08,Maze Runner: The Scorch Trials,2015,https://boxd.it/9hwA
2024-06-08,Maze Runner: The Death Cure,2018,https://boxd.it/bakw
2024-06-08,National Treasure,2004,https://boxd.it/27x0
2024-06-08,National Treasure: Book of Secrets,2007,https://boxd.it/21rq
2024-06-08,Clash of the Titans,2010,https://boxd.it/1GfI
2024-06-08,Goldman v Silverman,2020,https://boxd.it/oIV8
2024-06-08,Noiseman Sound Insect,1997,https://boxd.it/2p2Y
2024-06-08,Franz Kafka's a Country Doctor,2007,https://boxd.it/2vWS
2024-06-08,The Sisterhood of the Traveling Pants,2005,https://boxd.it/1XPo
2024-06-08,The Kissing Booth,2018,https://boxd.it/geR0
2024-06-08,Tall Girl,2019,https://boxd.it/n9yG
2024-06-08,Hannah Montana: The Movie,2009,https://boxd.it/1Hx4
2024-06-10,The Village,2004,https://boxd.it/21iS
2024-06-13,"I'm a Cyborg, But That's OK",2006,https://boxd.it/2328
2024-06-14,Paul,2011,https://boxd.it/13uE
2024-06-14,Men in Black,1997,https://boxd.it/2a0I
2024-06-14,Men in Black II,2002,https://boxd.it/2a0y
2024-06-14,Men in Black 3,2012,https://boxd.it/103U
2024-06-18,My Little Loves,1974,https://boxd.it/1Eg
2024-06-18,Antiporno,2016,https://boxd.it/eDjy
2024-06-18,Sans Soleil,1983,https://boxd.it/28B8
2024-06-19,Four Nights of a Dreamer,1971,https://boxd.it/qRa
2024-06-19,Viridiana,1961,https://boxd.it/24eE
2024-06-20,Lara Croft: Tomb Raider,2001,https://boxd.it/27G2
2024-06-20,Lara Croft: Tomb Raider – The Cradle of Life,2003,https://boxd.it/27FS
2024-06-20,Ray,2004,https://boxd.it/28km
2024-06-22,Pocket,2019,https://boxd.it/lzNS
2024-06-22,The Ice Age Adventures of Buck Wild,2022,https://boxd.it/t7Ou
2024-06-23,The Heir Apparent: Largo Winch,2008,https://boxd.it/1Obu
2024-06-23,Largo Winch II,2011,https://boxd.it/mXo
2024-06-24,Nomad,1982,https://boxd.it/4VI2
2024-06-24,Where the Wild Things Are,2009,https://boxd.it/1K0C
2024-06-27,R.I.P.D.,2013,https://boxd.it/FQQ
